test_subset,train_source,fold,downsampled,is_equal_size,n_train,n_test,n_train_positive,n_test_positive,test_prevalence,C_min,C_1se,idx_min,idx_1se,auc_min,acc_min,percent_error_min,brier_min,calibration_slope_min,calibration_intercept_min,n_nonzero_min,auc_1se,acc_1se,percent_error_1se,brier_1se,calibration_slope_1se,calibration_intercept_1se,n_nonzero_1se
2019,same,1,false,true,16381,1821,2738,305,0.16749038989566173,0.02758531617629184,0.009249147277217335,36,29,0.7652212465937107,0.8462383305875892,15.376166941241076,0.11859721058369917,1.1307377698345953,0.1859709934342905,155,0.7558977464423202,0.842394288852279,15.760571114772103,0.12057617288377179,1.2559580322917687,0.38150586615893156,59
2019,other,1,false,false,25026,1821,3486,305,0.16749038989566173,0.02758531617629184,0.009249147277217335,36,29,0.7665642977637441,0.842943437671609,15.705656232839104,0.12162923356324125,1.052030931356217,0.5519986241136818,174,0.7633029110255634,0.844041735310269,15.595826468973096,0.12028057978218294,1.1868726620229288,0.4998534251923291,76
2019,other,1,true,true,16379,1821,2281,305,0.16749038989566173,0.0376939097538836,0.017269832906594344,38,33,0.7606946667243393,0.842394288852279,15.760571114772103,0.12413686111875205,0.9745546069945199,0.5700206051015191,184,0.7611380250010813,0.842943437671609,15.705656232839104,0.12145260181843873,1.0893347745982,0.5260025557674448,109
2019,all,1,false,false,41407,1821,6224,305,0.16749038989566173,0.02359833466782194,0.007912342618981327,35,28,0.7706799602058912,0.8473366282262493,15.266337177375068,0.11754421750836304,1.0901786101781423,0.1269804552618914,204,0.7689627579047535,0.8451400329489291,15.485996705107086,0.11856963971528382,1.184544186139737,0.3030284519461885,102
2019,all,1,true,true,16380,1821,2462,305,0.16749038989566173,0.03224590545296395,0.012638482029342984,37,31,0.7673818071715905,0.8467874794069192,15.321252059308076,0.11761941846694612,1.1349500646473651,0.19616170923492704,173,0.7686534884726849,0.844041735310269,15.595826468973096,0.11905473692469198,1.2824161398644474,0.47174544481216496,78
2019,same,2,false,true,16381,1821,2738,305,0.16749038989566173,0.02758531617629184,0.010811807510766078,36,30,0.7264868722695619,0.8363536518396485,16.36463481603515,0.12590431383283265,0.8910922359882933,-0.13833802096661843,153,0.7162961200743977,0.8374519494783086,16.25480505216914,0.12621322377893004,0.9937214588375965,0.013030175933610479,66
2019,other,2,false,false,25026,1821,3486,305,0.16749038989566173,0.03224590545296395,0.010811807510766078,37,30,0.7231476274925386,0.8412959912136189,15.870400878638113,0.12580948777823578,0.8380830810710498,-0.03756551632737546,188,0.7167394783511397,0.8374519494783086,16.25480505216914,0.12653855720689808,0.9259087792748163,0.09461514595470766,89
2019,other,2,true,true,16379,1821,2281,305,0.16749038989566173,0.03224590545296395,0.010811807510766078,37,30,0.7098706691465894,0.8385502471169687,16.144975288303133,0.12748976924788885,0.8283203860026592,-0.06181918956639994,161,0.7104070245252823,0.8380010982976387,16.19989017023613,0.12771032486300685,0.9722574528952838,0.1877206278466009,62
2019,all,2,false,false,41407,1821,6224,305,0.16749038989566173,0.02018760254679039,0.007912342618981327,34,28,0.7300207621436913,0.8363536518396485,16.36463481603515,0.1248929825738451,0.8797575173730047,-0.14179300859339455,197,0.7246053029975345,0.8380010982976387,16.19989017023613,0.12541361292467346,0.9412229775564337,-0.03401550992700082,101
2019,all,2,true,true,16380,1821,2462,305,0.16749038989566173,0.02758531617629184,0.014773776525985112,36,32,0.7219884078031056,0.8385502471169687,16.144975288303133,0.1252698780996078,0.8705512224420044,-0.14203380969328644,152,0.7174012716813011,0.8385502471169687,16.144975288303133,0.12570690439485957,0.9298084690775322,-0.04277922324352832,89
2019,same,3,false,true,16381,1821,2738,305,0.16749038989566173,0.02758531617629184,0.010811807510766078,36,30,0.768906527098923,0.8539264140582098,14.60735859417902,0.1141537158689343,1.2482130138972078,0.36261992081279776,152,0.7618820018166875,0.8539264140582098,14.60735859417902,0.11561514390893618,1.3898188413608032,0.5670887856030957,69
2019,other,3,false,false,25026,1821,3486,305,0.16749038989566173,0.02758531617629184,0.010811807510766078,36,30,0.7610169124962153,0.8555738605161999,14.442613948380012,0.11521460514873925,1.0996174085729573,0.4290313013576829,176,0.759747393918422,0.8550247116968699,14.497528830313012,0.11541631177878589,1.231265451554835,0.5641430379659688,84
2019,other,3,true,true,16379,1821,2281,305,0.16749038989566173,0.03224590545296395,0.014773776525985112,37,32,0.7611293741078766,0.8517298187808896,14.82701812191104,0.11922507588003392,1.118732877382239,0.833643324110435,167,0.7595743760543276,0.8544755628775398,14.55244371224602,0.11633119847535388,1.251308280135879,0.7154507497046216,87
2019,all,3,false,false,41407,1821,6224,305,0.16749038989566173,0.02018760254679039,0.007912342618981327,34,28,0.7697456637397813,0.8555738605161999,14.442613948380012,0.11330642533784605,1.1780410488488908,0.2652027220611559,194,0.7678013754920197,0.8555738605161999,14.442613948380012,0.11411984455521838,1.2785337845703968,0.4346765076807825,96
2019,all,3,true,true,16380,1821,2462,305,0.16749038989566173,0.02758531617629184,0.010811807510766078,36,30,0.7671352567152557,0.8533772652388797,14.66227347611203,0.11445373363854053,1.253132288223851,0.385187282711591,156,0.7601929149184654,0.8550247116968699,14.497528830313012,0.115949584854809,1.4047845733375028,0.6760392028300675,60
2019,same,4,false,true,16382,1820,2739,304,0.16703296703296702,0.02758531617629184,0.010811807510766078,36,30,0.7267523607832245,0.8472527472527472,15.274725274725276,0.11999831605948925,1.0764695100662824,0.12809038006797566,164,0.7277222781558117,0.8483516483516483,15.164835164835166,0.12034407392086958,1.2605228977529608,0.40570632869367845,80
2019,other,4,false,false,25026,1820,3486,304,0.16703296703296702,0.02758531617629184,0.010811807510766078,36,30,0.7293279579225107,0.8516483516483516,14.835164835164838,0.11953856087816664,1.0150559778586412,0.23513695262724205,181,0.7277678447437858,0.8510989010989011,14.890109890109892,0.11998388590671603,1.1380656227245722,0.4316879437714804,85
2019,other,4,true,true,16379,1820,2281,304,0.16703296703296702,0.03224590545296395,0.014773776525985112,37,32,0.7248472434384113,0.8505494505494505,14.945054945054947,0.12099272662193337,0.9780468331329805,0.28878567492782437,164,0.7269302874600749,0.85,15.000000000000002,0.12016177843629294,1.1166761190573362,0.40260966308716384,87
2019,all,4,false,false,41408,1820,6225,304,0.16703296703296702,0.02359833466782194,0.007912342618981327,35,28,0.7324243160672129,0.8494505494505494,15.054945054945057,0.11848261856887317,1.0548613003795078,0.10916242217243909,200,0.733298760588807,0.8516483516483516,14.835164835164838,0.11881467151170762,1.1764334661067877,0.31493225237259825,106
2019,all,4,true,true,16380,1820,2462,304,0.16703296703296702,0.02758531617629184,0.012638482029342984,36,31,0.7266764164699347,0.8527472527472527,14.725274725274728,0.11969028148491871,1.0667477721341743,0.12666251096331166,159,0.7256934800722122,0.8489010989010989,15.109890109890111,0.11965344679237852,1.222678379818165,0.39553859200857083,83
2019,same,5,false,true,16382,1820,2739,304,0.16703296703296702,0.02758531617629184,0.012638482029342984,36,31,0.7281996424107763,0.8456043956043956,15.43956043956044,0.12047814554186204,0.9765139655297994,-0.04138385302356515,162,0.7291543709207055,0.8467032967032967,15.32967032967033,0.1201221648390353,1.1059634061900836,0.14427355006950826,89
2019,other,5,false,false,25028,1820,3487,304,0.16703296703296702,0.02758531617629184,0.010811807510766078,36,30,0.7251965872795446,0.8472527472527472,15.274725274725276,0.12200687046684902,0.9125085360016864,0.16938778422131792,170,0.7217443757811415,0.8483516483516483,15.164835164835166,0.12155075146916543,1.002650060612583,0.1911559360779618,85
2019,other,5,true,true,16381,1820,2282,304,0.16703296703296702,0.03224590545296395,0.012638482029342984,37,31,0.7277830336064435,0.8489010989010989,15.109890109890111,0.12571254324127074,0.9278957846605764,0.5452737232596415,169,0.7245912026107486,0.8456043956043956,15.43956043956044,0.12276375355476449,1.0405622603026279,0.3930396025432459,78
2019,all,5,false,false,41410,1820,6226,304,0.16703296703296702,0.02359833466782194,0.007912342618981327,35,28,0.7311723198166922,0.8461538461538461,15.384615384615385,0.12021839047090244,0.939403990659611,-0.07472047056891974,214,0.728696535203444,0.8489010989010989,15.109890109890111,0.12007789924595086,1.0305122740852828,0.07178224809769651,104
2019,all,5,true,true,16380,1820,2462,304,0.16703296703296702,0.03224590545296395,0.010811807510766078,37,30,0.7311007151784473,0.8478021978021978,15.21978021978022,0.12017558887843145,0.9848024629895158,0.0046193613807955,171,0.7299485314539648,0.8483516483516483,15.164835164835166,0.12031874205211507,1.1665952616449322,0.31617790762173115,69
2019,same,6,false,true,16382,1820,2739,304,0.16703296703296702,0.02758531617629184,0.009249147277217335,36,29,0.7075297701708096,0.85,15.000000000000002,0.1228938791581504,0.9367975395103658,-0.0985268224852836,154,0.7054803586307458,0.8505494505494505,14.945054945054947,0.12277134981383357,1.1193604285852436,0.1781820422542845,57
2019,other,6,false,false,25028,1820,3487,304,0.16703296703296702,0.02758531617629184,0.009249147277217335,36,29,0.7054705943618942,0.8478021978021978,15.21978021978022,0.1233594787617191,0.8625165377146344,-0.006942778940059766,176,0.698757117067074,0.8478021978021978,15.21978021978022,0.12358974840347549,0.9887763601441719,0.18158503242698418,75
2019,other,6,true,true,16381,1820,2282,304,0.16703296703296702,0.03224590545296395,0.010811807510766078,37,30,0.6955370781835857,0.85,15.000000000000002,0.12335016372081403,0.8567117312978383,-0.05040909853969483,161,0.6927249687543396,0.8472527472527472,15.274725274725276,0.12374012493449822,1.0064562004880697,0.1985894916698361,59
2019,all,6,false,false,41410,1820,6226,304,0.16703296703296702,0.02359833466782194,0.007912342618981327,35,28,0.709573757117067,0.8483516483516483,15.164835164835166,0.12224954131841993,0.9028058130330635,-0.12872663157402908,199,0.7071565581169282,0.8478021978021978,15.21978021978022,0.12216870358549467,1.0027087516798123,0.03964348491695308,96
2019,all,6,true,true,16380,1820,2462,304,0.16703296703296702,0.03224590545296395,0.012638482029342984,37,31,0.7013218650187474,0.8489010989010989,15.109890109890111,0.12336242377478204,0.8862992908627666,-0.16864646961218324,172,0.7002890223580058,0.8478021978021978,15.21978021978022,0.12287017281078691,1.0270713378043486,0.07180111490553076,77
2019,same,7,false,true,16382,1820,2739,304,0.16703296703296702,0.02758531617629184,0.012638482029342984,36,31,0.7451677718372449,0.8467032967032967,15.32967032967033,0.11936291635529522,1.077055422832534,0.10398464369203285,156,0.7425531176225524,0.85,15.000000000000002,0.11964332554112911,1.1949838618415698,0.27966198580870616,78
2019,other,7,false,false,25028,1820,3487,304,0.16703296703296702,0.02758531617629184,0.010811807510766078,36,30,0.7505012324677128,0.8478021978021978,15.21978021978022,0.12027623763475685,1.0313026374826777,0.3444695236740933,183,0.7514885085404805,0.8467032967032967,15.32967032967033,0.11939860614090617,1.1680728134310467,0.4834392302665925,77
2019,other,7,true,true,16381,1820,2282,304,0.16703296703296702,0.03224590545296395,0.012638482029342984,37,31,0.7524931433134286,0.8483516483516483,15.164835164835166,0.11905126402159695,1.0366489497459732,0.2677469520142117,155,0.7534836741424803,0.8489010989010989,15.109890109890111,0.11925888356401328,1.1826584261410868,0.5179156698017817,63
2019,all,7,false,false,41410,1820,6226,304,0.16703296703296702,0.02359833466782194,0.007912342618981327,35,28,0.7523477641994168,0.8461538461538461,15.384615384615385,0.11863326117902724,1.052083720658167,0.08358007557219943,210,0.7531245660324954,0.8494505494505494,15.054945054945057,0.1181618032893844,1.1871856349291012,0.3061037886571806,101
2019,all,7,true,true,16380,1820,2462,304,0.16703296703296702,0.03224590545296395,0.009249147277217335,37,29,0.7487610227746145,0.843956043956044,15.604395604395604,0.11930770162546234,1.062414224079334,0.08136329853975272,177,0.74583174211915,0.8478021978021978,15.21978021978022,0.11935388605642003,1.2755674579435143,0.4665556844203756,64
2019,same,8,false,true,16382,1820,2739,304,0.16703296703296702,0.02758531617629184,0.012638482029342984,36,31,0.7174893243993891,0.8434065934065934,15.659340659340659,0.12340189138989442,0.9324576212912451,-0.10364501471433862,144,0.713121441466463,0.843956043956044,15.604395604395604,0.12372011621210416,1.0251172475493961,0.03924510150442886,79
2019,other,8,false,false,25028,1820,3487,304,0.16703296703296702,0.02758531617629184,0.010811807510766078,36,30,0.7275226531037355,0.843956043956044,15.604395604395604,0.12357360262099468,0.9070142314750365,0.09357254773762841,170,0.7221566449104291,0.8406593406593407,15.934065934065933,0.12382723942528776,1.002833429934149,0.20861845474198668,87
2019,other,8,true,true,16381,1820,2282,304,0.16703296703296702,0.02758531617629184,0.012638482029342984,36,31,0.7246671469240384,0.8428571428571429,15.714285714285714,0.12341760373266451,0.9146972962942885,0.06876527992871899,138,0.7247430912373282,0.8423076923076923,15.769230769230768,0.12380990687182722,1.022780244391982,0.25913002497612714,67
2019,all,8,false,false,41410,1820,6226,304,0.16703296703296702,0.02018760254679039,0.007912342618981327,34,28,0.7260493334259132,0.8428571428571429,15.714285714285714,0.12248814585297904,0.9302561482679462,-0.09249617966229781,190,0.722297684349396,0.8428571428571429,15.714285714285714,0.12297728992588215,1.0029853068896752,0.038885585663549,92
2019,all,8,true,true,16380,1820,2462,304,0.16703296703296702,0.03224590545296395,0.014773776525985112,37,32,0.7179059332037216,0.8434065934065934,15.659340659340659,0.12323161659445263,0.9001127003690561,-0.12796604108391219,162,0.7171573392584363,0.843956043956044,15.604395604395604,0.12309225029778993,1.0070673702601172,0.05383718412388115,87
2019,same,9,false,true,16382,1820,2739,304,0.16703296703296702,0.02359833466782194,0.012638482029342984,35,31,0.7368572941258158,0.8472527472527472,15.274725274725276,0.12054860425321326,1.0640220183363729,0.05732422999965386,144,0.7365274788223859,0.8472527472527472,15.274725274725276,0.1204967967883401,1.166336857072508,0.2118627676145729,82
2019,other,9,false,false,25028,1820,3487,304,0.16703296703296702,0.02758531617629184,0.010811807510766078,36,30,0.7407998889043188,0.8494505494505494,15.054945054945057,0.12059252121317228,0.9993782699948117,0.30857824912096604,182,0.7441154006388002,0.8483516483516483,15.164835164835166,0.11977174144012781,1.125869117733158,0.3743570652469178,86
2019,other,9,true,true,16381,1820,2282,304,0.16703296703296702,0.03224590545296395,0.010811807510766078,37,30,0.741880467990557,0.8489010989010989,15.109890109890111,0.11986539086396857,1.0302328921074557,0.2197320551927583,160,0.7411166851826134,0.8461538461538461,15.384615384615385,0.12079860173614422,1.1970127892759674,0.5002961587472877,59
2019,all,9,false,false,41410,1820,6226,304,0.16703296703296702,0.02359833466782194,0.007912342618981327,35,28,0.7417524475767254,0.8456043956043956,15.43956043956044,0.11940599965960544,1.0160068131509774,0.0005857952852606505,206,0.7453261699763921,0.8489010989010989,15.109890109890111,0.11926258413181944,1.1374078668429957,0.20440344625529985,102
2019,all,9,true,true,16380,1820,2462,304,0.16703296703296702,0.03224590545296395,0.010811807510766078,37,30,0.7398343112067768,0.8467032967032967,15.32967032967033,0.11923466885099775,1.0013766648344216,-0.02049326616745057,159,0.7407499826412998,0.8478021978021978,15.21978021978022,0.11951668516406277,1.1786373983410354,0.2977404290257053,71
2019,same,10,false,true,16383,1819,2739,304,0.16712479384277076,0.02758531617629184,0.010811807510766078,36,30,0.6952970297029702,0.8339747113798791,16.60252886201209,0.12943687912004684,0.7644182698002824,-0.3319224538810556,156,0.6866944589195761,0.8378229796591534,16.21770203408466,0.1296978256919894,0.8316988579127672,-0.2361006201460536,71
2019,other,10,false,false,25028,1819,3487,304,0.16712479384277076,0.02758531617629184,0.010811807510766078,36,30,0.709392912975508,0.8378229796591534,16.21770203408466,0.13016746956439484,0.7785722567319872,0.061347773462518115,178,0.7007946847316311,0.8389224848818032,16.10775151181968,0.12866720128286396,0.8359372253265784,-0.07805528339914218,82
2019,other,10,true,true,16381,1819,2282,304,0.16712479384277076,0.03224590545296395,0.017269832906594344,37,33,0.7045488101441724,0.8389224848818032,16.10775151181968,0.13068919170027432,0.759591001872467,0.03063420391524115,154,0.6978091888136182,0.8378229796591534,16.21770203408466,0.12930754823282214,0.7947095536978854,-0.12797777610947028,109
2019,all,10,false,false,41411,1819,6226,304,0.16712479384277076,0.02018760254679039,0.007912342618981327,34,28,0.7105371721382665,0.8378229796591534,16.21770203408466,0.12757551484997623,0.8006217345396753,-0.26552811199064424,187,0.7008250825082508,0.8361737218251787,16.38262781748213,0.12838985726325447,0.8304412779133835,-0.2098392628791327,98
2019,all,10,true,true,16380,1819,2462,304,0.16712479384277076,0.02359833466782194,0.010811807510766078,35,30,0.7059384227896475,0.8372732270478285,16.272677295217154,0.1282774678702431,0.7942958480036687,-0.27284030202807685,125,0.6987949452840021,0.8372732270478285,16.272677295217154,0.12861206830013783,0.8588143892401955,-0.14832671698569,59
2020,same,1,false,false,25026,2782,3486,388,0.13946800862688713,0.02758531617629184,0.009249147277217335,36,29,0.7374363744412578,0.8684399712437095,13.156002875629047,0.10449025492014813,0.9945635108119261,0.005651216448064399,173,0.7323172622277343,0.8666427030913012,13.33572969086988,0.1058866417133473,1.1061073737087603,0.19399634176514297,76
2020,same,1,true,true,16379,2782,2281,388,0.13946800862688713,0.03224590545296395,0.012638482029342984,37,31,0.7348450593838549,0.8684399712437095,13.156002875629047,0.10494995932732377,0.9888569346657049,-0.0022080830885588473,168,0.7303686622053416,0.8673616103522646,13.263838964773544,0.10605685173984526,1.1174755148551203,0.21569465133414012,76
2020,other,1,false,true,16381,2782,2738,388,0.13946800862688713,0.02758531617629184,0.009249147277217335,36,29,0.7366472452609186,0.8666427030913012,13.33572969086988,0.10668799186434146,1.0540725294536688,0.4391750580269074,154,0.7247543256767348,0.8702372393961179,12.976276060388214,0.10710280346464013,1.201664384459362,0.12595347121383554,59
2020,all,1,false,false,41407,2782,6224,388,0.13946800862688713,0.02359833466782194,0.007912342618981327,35,28,0.7428741527357913,0.8691588785046729,13.08411214953271,0.10412665107293043,1.0236444987684448,0.04204344126889922,203,0.7379929635084275,0.8684399712437095,13.156002875629047,0.10526539924032419,1.1061433708207702,0.16731360344164994,100
2020,all,1,true,true,16380,2782,2462,388,0.13946800862688713,0.02758531617629184,0.014773776525985112,36,32,0.733188211077522,0.8680805176132279,13.19194823867721,0.10531629480058631,1.0133564966493191,0.03833500761182217,155,0.7323420234434884,0.8687994248741913,13.120057512580875,0.10592303570322269,1.095653620505529,0.159707209094113,98
2020,same,2,false,false,25026,2782,3486,388,0.13946800862688713,0.03224590545296395,0.010811807510766078,37,30,0.7447000232540114,0.8720345075485263,12.796549245147371,0.10280189932815231,1.0228372606213911,0.04208711506156406,188,0.7459068633783772,0.8731128684399713,12.688713156002873,0.10325931616859817,1.1456992686726362,0.23619004752376835,89
2020,same,2,true,true,16379,2782,2281,388,0.13946800862688713,0.02359833466782194,0.010811807510766078,35,30,0.7382857917990854,0.8723939611790079,12.760603882099208,0.10333732188578698,1.0783226409973337,0.13333462639063293,140,0.7415445831072526,0.8723939611790079,12.760603882099208,0.1037271809534605,1.2195052843886258,0.3616510996899657,68
2020,other,2,false,true,16381,2782,2738,388,0.13946800862688713,0.02758531617629184,0.010811807510766078,36,30,0.7391341325823149,0.8720345075485263,12.796549245147371,0.10453875869803451,1.0255513431595646,0.06515532692252056,156,0.7364287006175232,0.8709561466570812,12.904385334291879,0.10537316810226008,1.1592107888847938,0.017846832168286364,66
2020,all,2,false,false,41407,2782,6224,388,0.13946800862688713,0.02018760254679039,0.007912342618981327,34,28,0.7488136147929962,0.8727534148094895,12.724658519051047,0.10289572332346529,1.0562214654122108,0.0798593217207298,198,0.7482354942338665,0.8716750539180446,12.832494608195544,0.10328081540208972,1.1423732665651163,0.2021056725574703,101
2020,all,2,true,true,16380,2782,2462,388,0.13946800862688713,0.02758531617629184,0.014773776525985112,36,32,0.7440217812572669,0.8738317757009346,12.616822429906538,0.10338328958456829,1.0618869908727437,0.08720366559022176,149,0.7416554702908474,0.8720345075485263,12.796549245147371,0.1038970971746262,1.1373080405393758,0.19535855964065799,90
2020,same,3,false,false,25026,2782,3486,388,0.13946800862688713,0.02758531617629184,0.010811807510766078,36,30,0.7499214100543454,0.8705966930265996,12.940330697340041,0.10272246233245627,1.0009155428949952,-0.022242476418641157,178,0.7464225426108225,0.8684399712437095,13.156002875629047,0.10389162744089714,1.1005951790152784,0.15187003787243636,84
2020,same,3,true,true,16379,2782,2281,388,0.13946800862688713,0.03224590545296395,0.014773776525985112,37,32,0.7518753929497283,0.8709561466570812,12.904385334291879,0.10292813455608087,1.0220449001140024,0.01145238096698764,161,0.7482333410846704,0.8698777857656362,13.012221423436376,0.1040354945747188,1.1318142355302008,0.20458105995817322,81
2020,other,3,false,true,16381,2782,2738,388,0.13946800862688713,0.02758531617629184,0.010811807510766078,36,30,0.7422831132814856,0.8680805176132279,13.19194823867721,0.10515926103333836,1.0897066443091823,0.4310888838879536,152,0.7327220542765849,0.8713156002875629,12.868439971243706,0.10594744430174563,1.2060186562607749,0.10151610606532145,69
2020,all,3,false,false,41407,2782,6224,388,0.13946800862688713,0.02018760254679039,0.007912342618981327,34,28,0.7512757408986384,0.8705966930265996,12.940330697340041,0.10261870428710905,1.0556951591156372,0.0634725427444591,195,0.7488911281640527,0.8709561466570812,12.904385334291879,0.1036483328149455,1.1409736840739997,0.19520410580282047,96
2020,all,3,true,true,16380,2782,2462,388,0.13946800862688713,0.03224590545296395,0.010811807510766078,37,30,0.7415661145992128,0.8720345075485263,12.796549245147371,0.10360650709248378,1.030066950553873,-0.0011624423958498963,178,0.7395475372279496,0.8691588785046729,13.08411214953271,0.10515430620926275,1.196122856887199,0.2546778231814411,65
2020,same,4,false,false,25026,2782,3486,388,0.13946800862688713,0.02758531617629184,0.010811807510766078,36,30,0.7470566450490488,0.8695183321351546,13.048166786484538,0.10392964674975948,1.010901674323143,0.022179685609337717,182,0.7438807499849279,0.8705966930265996,12.940330697340041,0.104421211267467,1.109021703871341,0.18716873009295923,85
2020,same,4,true,true,16379,2782,2281,388,0.13946800862688713,0.02758531617629184,0.012638482029342984,36,31,0.7489643352367172,0.8713156002875629,12.868439971243706,0.10403497252121167,1.0258915683588796,0.037922888517187156,152,0.745255535746583,0.8705966930265996,12.940330697340041,0.10462880101531996,1.1356212523973366,0.22549867005354252,68
2020,other,4,false,true,16382,2782,2739,388,0.13946800862688713,0.02758531617629184,0.010811807510766078,36,30,0.7439195066704563,0.8698777857656362,13.012221423436376,0.10595650211611486,1.0621342306883388,0.3883786303799617,163,0.7334078322955154,0.8705966930265996,12.940330697340041,0.10628295713017195,1.1741973236174748,0.069349691518378,78
2020,all,4,false,false,41408,2782,6225,388,0.13946800862688713,0.02359833466782194,0.007912342618981327,35,28,0.7504812288453091,0.8723939611790079,12.760603882099208,0.10373318423346008,1.0428698313202807,0.06754173074950479,199,0.7468564021738195,0.8702372393961179,12.976276060388214,0.1043207980801744,1.127397313955782,0.19112503460929378,106
2020,all,4,true,true,16380,2782,2462,388,0.13946800862688713,0.03224590545296395,0.012638482029342984,37,31,0.7443931994935793,0.8698777857656362,13.012221423436376,0.10421841158284098,1.0159696350063918,0.027099845431448256,169,0.7427944862155388,0.8695183321351546,13.048166786484538,0.10478889250218423,1.1318207448620217,0.19435339621071732,85
2020,same,5,false,false,25028,2780,3487,387,0.13920863309352519,0.02758531617629184,0.010811807510766078,36,30,0.7696889398558024,0.8787769784172662,12.12230215827338,0.09948892800706918,1.125890249735933,0.16702206307158635,172,0.767298246068691,0.8776978417266187,12.230215827338132,0.09957208641347233,1.256000974766599,0.37857604368119624,85
2020,same,5,true,true,16381,2780,2282,387,0.13920863309352519,0.03224590545296395,0.012638482029342984,37,31,0.7691447168798746,0.8776978417266187,12.230215827338132,0.09985396065841308,1.0913892060848047,0.12148756059611925,165,0.7651829031920191,0.8758992805755396,12.410071942446043,0.10005077533532034,1.2500412811448325,0.3812293507362325,77
2020,other,5,false,true,16382,2780,2739,387,0.13920863309352519,0.02758531617629184,0.012638482029342984,36,31,0.7608647530318295,0.8723021582733813,12.769784172661868,0.10331170433758403,1.137746046916575,0.7214010237944762,162,0.757821855519598,0.8744604316546762,12.553956834532375,0.10123462500549829,1.2650146968495974,0.43071885572250473,89
2020,all,5,false,false,41410,2780,6226,387,0.13920863309352519,0.02359833466782194,0.007912342618981327,35,28,0.7703217070460678,0.8776978417266187,12.230215827338132,0.09947846473298792,1.132893083883749,0.1675146986054918,214,0.7680195574732938,0.8776978417266187,12.230215827338132,0.0996963305663556,1.2458805635728512,0.3304527872208971,104
2020,all,5,true,true,16380,2780,2462,387,0.13920863309352519,0.02758531617629184,0.012638482029342984,36,31,0.7639270870789155,0.8766187050359712,12.338129496402884,0.10040586621042215,1.1361687793741682,0.13916022283023244,152,0.7616216980836656,0.8755395683453238,12.446043165467625,0.10095635322170249,1.271719342233113,0.33426986311733975,76
2020,same,6,false,false,25028,2780,3487,387,0.13920863309352519,0.02758531617629184,0.009249147277217335,36,29,0.7396810896553362,0.8701438848920864,12.985611510791362,0.10460386565852343,0.9503523044843096,-0.08547703593766931,176,0.7359859884179849,0.8697841726618705,13.021582733812952,0.10457241717972549,1.0814993809667317,0.13145674257899673,75
2020,same,6,true,true,16381,2780,2282,387,0.13920863309352519,0.03224590545296395,0.014773776525985112,37,32,0.7426786352529071,0.8712230215827338,12.87769784172662,0.10454253878405817,0.9609485538903244,-0.06905951206590588,158,0.7404013212524472,0.8705035971223022,12.949640287769782,0.10450133107613283,1.0577175982500358,0.0896791285677483,81
2020,other,6,false,true,16382,2780,2739,387,0.13920863309352519,0.02758531617629184,0.009249147277217335,36,29,0.7418417844466687,0.8701438848920864,12.985611510791362,0.10630953519235582,1.0111956672758058,0.36302804771424674,153,0.7354212490997104,0.8687050359712231,13.129496402877693,0.10541906283227159,1.1809759096812253,0.07242104214139528,58
2020,all,6,false,false,41410,2780,6226,387,0.13920863309352519,0.02359833466782194,0.007912342618981327,35,28,0.7448317713917963,0.8712230215827338,12.87769784172662,0.10414308578864638,0.9823180315288857,-0.04155052759257149,201,0.742896756366275,0.8690647482014389,13.093525179856114,0.10418459242283312,1.07903635062848,0.10158819381654263,96
2020,all,6,true,true,16380,2780,2462,387,0.13920863309352519,0.03224590545296395,0.014773776525985112,37,32,0.738397198547443,0.8701438848920864,12.985611510791362,0.10470281939898964,0.9660637523896348,-0.07579128934558206,171,0.7356523279029814,0.8701438848920864,12.985611510791362,0.10484363194976085,1.06234792339027,0.06446505451371357,98
2020,same,7,false,false,25028,2780,3487,387,0.13920863309352519,0.03224590545296395,0.010811807510766078,37,30,0.7414282181772633,0.8705035971223022,12.949640287769782,0.10461913483553055,0.9866140170153599,0.025536491770268295,199,0.7376618496454452,0.8694244604316547,13.057553956834534,0.10517175971436894,1.1074982707704772,0.21897395849708123,77
2020,same,7,true,true,16381,2780,2282,387,0.13920863309352519,0.03224590545296395,0.012638482029342984,37,31,0.735400732757364,0.8694244604316547,13.057553956834534,0.1047196189995122,1.0006774165899546,0.06620679557772179,162,0.7327498053646995,0.8712230215827338,12.87769784172662,0.10540052270776733,1.139203988960968,0.2916395193015716,78
2020,other,7,false,true,16382,2780,2739,387,0.13920863309352519,0.02758531617629184,0.012638482029342984,36,31,0.7352830337407447,0.8672661870503597,13.273381294964025,0.10648308390525021,1.0075991285663715,0.1966259895982708,158,0.7280580418123057,0.8676258992805755,13.237410071942445,0.10714420127629122,1.0965427142134794,-0.01884484722073487,78
2020,all,7,false,false,41410,2780,6226,387,0.13920863309352519,0.02758531617629184,0.007912342618981327,36,28,0.7402598664710056,0.8712230215827338,12.87769784172662,0.10495129336780733,0.9856184051482311,0.013909561883910841,222,0.7400050319029123,0.8697841726618705,13.021582733812952,0.10509192918472283,1.104043552757306,0.18423421794365172,101
2020,all,7,true,true,16380,2780,2462,387,0.13920863309352519,0.02758531617629184,0.009249147277217335,36,29,0.7342464185485011,0.870863309352518,12.913669064748202,0.1051376458408432,1.0077772986310432,0.03639096759389938,150,0.727932784143243,0.8697841726618705,13.021582733812952,0.10616778618251306,1.161661013678012,0.25021237656120426,54
2020,same,8,false,false,25028,2780,3487,387,0.13920863309352519,0.02758531617629184,0.010811807510766078,36,30,0.7665747750491042,0.8712230215827338,12.87769784172662,0.1016782959206928,1.0688587166046908,0.10552137797927154,171,0.76462680233368,0.870863309352518,12.913669064748202,0.10258232034718211,1.1812934184692,0.29703747022135985,87
2020,same,8,true,true,16381,2780,2282,387,0.13920863309352519,0.03224590545296395,0.014773776525985112,37,32,0.7612750798787592,0.8723021582733813,12.769784172661868,0.10180520570696612,1.030854227048479,0.046377378672009445,168,0.7607664905500646,0.8719424460431655,12.805755395683448,0.10254783201334688,1.141186024572199,0.23262291234018842,93
2020,other,8,false,true,16382,2780,2739,387,0.13920863309352519,0.02758531617629184,0.012638482029342984,36,31,0.759490158094615,0.8705035971223022,12.949640287769782,0.10265196010957875,1.10604714622456,0.2452422250029014,143,0.755463555957244,0.8719424460431655,12.805755395683448,0.10390163300388756,1.1977363044867249,0.08843893141403036,80
2020,all,8,false,false,41410,2780,6226,387,0.13920863309352519,0.02018760254679039,0.007912342618981327,34,28,0.770672644480942,0.8723021582733813,12.769784172661868,0.10133071643421601,1.1149696996122547,0.1697517547147306,191,0.7668868394142692,0.8715827338129496,12.84172661870504,0.10222466740553249,1.191195813598171,0.2817105843056605,93
2020,all,8,true,true,16380,2780,2462,387,0.13920863309352519,0.02758531617629184,0.014773776525985112,36,32,0.7599641935835678,0.8719424460431655,12.805755395683448,0.10232188388813082,1.0910477696266934,0.12904135936105182,154,0.7586111947961918,0.8701438848920864,12.985611510791362,0.10310469394207039,1.1788306472408538,0.26250031524423,85
2020,same,9,false,false,25028,2780,3487,387,0.13920863309352519,0.02758531617629184,0.010811807510766078,36,30,0.7352020481788507,0.8737410071942446,12.625899280575537,0.10319045214227217,1.0060199697582575,0.008806899801099933,182,0.7334808350367296,0.8755395683453238,12.446043165467625,0.10366716754404683,1.1276755838909196,0.218551350146159,86
2020,same,9,true,true,16381,2780,2282,387,0.13920863309352519,0.03224590545296395,0.014773776525985112,37,32,0.7288009493667469,0.8741007194244604,12.589928057553957,0.10380053305022678,0.9904745236079043,-0.022426318972985193,157,0.731592251733361,0.8744604316546762,12.553956834532375,0.1039242153856589,1.1403118208161442,0.23273467400120124,86
2020,other,9,false,true,16382,2780,2739,387,0.13920863309352519,0.02359833466782194,0.012638482029342984,35,31,0.7292145156361524,0.8730215827338129,12.697841726618709,0.10492867513522035,1.0334521517525226,0.20327511799479656,143,0.7244946770889686,0.874820143884892,12.517985611510795,0.10558037697037671,1.12592333364594,-0.014141696293053011,83
2020,all,9,false,false,41410,2780,6226,387,0.13920863309352519,0.02359833466782194,0.007912342618981327,35,28,0.7377698303946373,0.8737410071942446,12.625899280575537,0.10337606822345069,1.008893031776844,-0.0004184268332662576,206,0.7350811097397556,0.874820143884892,12.517985611510795,0.10371090548005317,1.1227187722231524,0.17744053802766344,101
2020,all,9,true,true,16380,2780,2462,387,0.13920863309352519,0.02758531617629184,0.012638482029342984,36,31,0.7303558721551121,0.8755395683453238,12.446043165467625,0.10419778616613048,1.027860520696161,0.03644172033028556,159,0.7316473219154489,0.8744604316546762,12.553956834532375,0.104294459877978,1.1776364313701495,0.2657883692922536,76
2020,same,10,false,false,25028,2780,3487,387,0.13920863309352519,0.02758531617629184,0.010811807510766078,36,30,0.7454245857048605,0.8669064748201439,13.309352517985607,0.10531092232908809,0.9653186818783474,-0.05623322425025079,177,0.7489393590910612,0.8672661870503597,13.273381294964025,0.10523274155844196,1.112906232647196,0.19048150425192273,82
2020,same,10,true,true,16381,2780,2282,387,0.13920863309352519,0.0376939097538836,0.02018760254679039,38,34,0.747642510293265,0.8683453237410071,13.165467625899286,0.1047696105872959,0.944843839836945,-0.08093530881261238,185,0.751070899080112,0.8672661870503597,13.273381294964025,0.10468187469255602,1.045060879083525,0.08484607986783423,123
2020,other,10,false,true,16383,2780,2739,387,0.13920863309352519,0.02758531617629184,0.010811807510766078,36,30,0.7385246158314895,0.8690647482014389,13.093525179856114,0.10522825689144889,1.0304405305605955,0.18173574209735957,156,0.7377233986724847,0.8687050359712231,13.129496402877693,0.10598559286730938,1.1855702877333787,0.07511357235086649,71
2020,all,10,false,false,41411,2780,6226,387,0.13920863309352519,0.02018760254679039,0.007912342618981327,34,28,0.7473066901632777,0.8683453237410071,13.165467625899286,0.10466078730669555,1.0097643371391383,0.003596088032984386,187,0.7481629775043706,0.8672661870503597,13.273381294964025,0.10491451525103682,1.1189492914634889,0.1695927938784107,98
2020,all,10,true,true,16380,2780,2462,387,0.13920863309352519,0.02758531617629184,0.012638482029342984,36,31,0.7453295626455716,0.866546762589928,13.345323741007197,0.10536521246372542,1.017580144517456,0.01915112815093546,171,0.7466026556785456,0.8669064748201439,13.309352517985607,0.10552024769292596,1.1686158005167187,0.24929355218868138,77
