feature,stem,level,label,tier
Frustrated_In_Efforts_to_Get_Service_Never,c4q04,Never,Frustrated In Efforts to Get Service,care-seeking
Frustrated_In_Efforts_to_Get_Service_Sometimes,c4q04,Sometimes,Frustrated In Efforts to Get Service,care-seeking
Frustrated_In_Efforts_to_Get_Service_Usually,c4q04,Usually,Frustrated In Efforts to Get Service,care-seeking
Health_Insurance___Benefits_Cover_Services_Always,k3q20,Always,Health Insurance - Benefits Cover Services,care-seeking
Health_Insurance___Benefits_Cover_Services_Sometimes,k3q20,Sometimes,Health Insurance - Benefits Cover Services,care-seeking
Health_Insurance___Benefits_Cover_Services_Usually,k3q20,Usually,Health Insurance - Benefits Cover Services,care-seeking
Health_Insurance___Allow_to_See_Provider_Always,k3q22,Always,Health Insurance - Allow to See Provider,care-seeking
Health_Insurance___Allow_to_See_Provider_Sometimes,k3q22,Sometimes,Health Insurance - Allow to See Provider,care-seeking
Health_Insurance___Allow_to_See_Provider_Usually,k3q22,Usually,Health Insurance - Allow to See Provider,care-seeking
Need_a_Referral_Yes,k5q10,Yes,Need a Referral,care-seeking
Health_Insurance___Cover_Mental_Behavioral_Needs_Always,menbevcov,Always,Health Insurance - Cover Mental Behavioral Needs,care-seeking
Health_Insurance___Cover_Mental_Behavioral_Needs_Sometimes,menbevcov,Sometimes,Health Insurance - Cover Mental Behavioral Needs,care-seeking
Health_Insurance___Cover_Mental_Behavioral_Needs_Usually,menbevcov,Usually,Health Insurance - Cover Mental Behavioral Needs,care-seeking
Adult_1___Active_Duty_Never_served_in_the_military,a1_active,Never_served_in_the_military,Adult 1 - Active Duty,circumstance
Adult_1___Active_Duty_Now_on_active_duty,a1_active,Now_on_active_duty,Adult 1 - Active Duty,circumstance
Adult_1___Active_Duty_Only_on_active_duty_for_training_in_the_Reserves_or_National_Guard,a1_active,Only_on_active_duty_for_training_in_the_Reserves_or_National_Guard,Adult 1 - Active Duty,circumstance
Adult_1___Age_in_Years,a1_age,"",Adult 1 - Age in Years,circumstance
Adult_1___Where_Born_In_the_United_States,a1_born,In_the_United_States,Adult 1 - Where Born,circumstance
Adult_1___Highest_Completed_Year_of_School_8th_grade_or_less,a1_grade,8th_grade_or_less,Adult 1 - Highest Completed Year of School,circumstance
Adult_1___Highest_Completed_Year_of_School_9th_12th_grade__No_diploma,a1_grade,9th_12th_grade__No_diploma,Adult 1 - Highest Completed Year of School,circumstance
Adult_1___Highest_Completed_Year_of_School_Associate_Degree__AA__AS_,a1_grade,Associate_Degree__AA__AS,Adult 1 - Highest Completed Year of School,circumstance
Adult_1___Highest_Completed_Year_of_School_Bachelors_Degree__BA__BS__AB_,a1_grade,Bachelors_Degree__BA__BS__AB,Adult 1 - Highest Completed Year of School,circumstance
Adult_1___Highest_Completed_Year_of_School_Completed_a_vocational__trade__or_business_school_program,a1_grade,Completed_a_vocational__trade__or_business_school_program,Adult 1 - Highest Completed Year of School,circumstance
Adult_1___Highest_Completed_Year_of_School_High_School_Graduate_or_GED_Completed,a1_grade,High_School_Graduate_or_GED_Completed,Adult 1 - Highest Completed Year of School,circumstance
Adult_1___Highest_Completed_Year_of_School_Masters_Degree__MA__MS__MSW__MBA_,a1_grade,Masters_Degree__MA__MS__MSW__MBA,Adult 1 - Highest Completed Year of School,circumstance
Adult_1___Highest_Completed_Year_of_School_Some_College_Credit__but_No_Degree,a1_grade,Some_College_Credit__but_No_Degree,Adult 1 - Highest Completed Year of School,circumstance
Imputation_Flag_for_A1_GRADE_Imputed,a1_grade_if,Imputed,Imputation Flag for A1_GRADE,circumstance
Adult_1___Marital_Status_Divorced,a1_marital,Divorced,Adult 1 - Marital Status,circumstance
Adult_1___Marital_Status_Married,a1_marital,Married,Adult 1 - Marital Status,circumstance
Adult_1___Marital_Status_Never_Married,a1_marital,Never_Married,Adult 1 - Marital Status,circumstance
Adult_1___Marital_Status_Not_married__but_living_with_a_partner,a1_marital,Not_married__but_living_with_a_partner,Adult 1 - Marital Status,circumstance
Adult_1___Marital_Status_Separated,a1_marital,Separated,Adult 1 - Marital Status,circumstance
Adult_1___Mental_or_Emotional_Health_Excellent,a1_menthealth,Excellent,Adult 1 - Mental or Emotional Health,circumstance
Adult_1___Mental_or_Emotional_Health_Fair,a1_menthealth,Fair,Adult 1 - Mental or Emotional Health,circumstance
Adult_1___Mental_or_Emotional_Health_Good,a1_menthealth,Good,Adult 1 - Mental or Emotional Health,circumstance
Adult_1___Mental_or_Emotional_Health_Very_Good,a1_menthealth,Very_Good,Adult 1 - Mental or Emotional Health,circumstance
Adult_1___Physical_Health_Excellent,a1_physhealth,Excellent,Adult 1 - Physical Health,circumstance
Adult_1___Physical_Health_Fair,a1_physhealth,Fair,Adult 1 - Physical Health,circumstance
Adult_1___Physical_Health_Good,a1_physhealth,Good,Adult 1 - Physical Health,circumstance
Adult_1___Physical_Health_Very_Good,a1_physhealth,Very_Good,Adult 1 - Physical Health,circumstance
Adult_1___How_Related_to_Child_Biological_or_Adoptive_Parent,a1_relation,Biological_or_Adoptive_Parent,Adult 1 - How Related to Child,circumstance
Adult_1___How_Related_to_Child_Foster_Parent,a1_relation,Foster_Parent,Adult 1 - How Related to Child,circumstance
Adult_1___How_Related_to_Child_Grandparent,a1_relation,Grandparent,Adult 1 - How Related to Child,circumstance
Adult_1___How_Related_to_Child_Other__Relative,a1_relation,Other__Relative,Adult 1 - How Related to Child,circumstance
Adult_1___How_Related_to_Child_Step_parent,a1_relation,Step_parent,Adult 1 - How Related to Child,circumstance
Adult_1___Sex_Male,a1_sex,Male,Adult 1 - Sex,circumstance
Adult_2___How_Related_to_Child_Biological_or_Adoptive_Parent,a2_relation,Biological_or_Adoptive_Parent,Adult 2 - How Related to Child,circumstance
Adult_2___How_Related_to_Child_Foster_Parent,a2_relation,Foster_Parent,Adult 2 - How Related to Child,circumstance
Adult_2___How_Related_to_Child_Grandparent,a2_relation,Grandparent,Adult 2 - How Related to Child,circumstance
Adult_2___How_Related_to_Child_Other__Relative,a2_relation,Other__Relative,Adult 2 - How Related to Child,circumstance
Adult_2___How_Related_to_Child_Step_parent,a2_relation,Step_parent,Adult 2 - How Related to Child,circumstance
Adult_2___How_Related_to_Child_There_is_only_one_primary_adult_caregiver_in_the_household_for_this_child,a2_relation,There_is_only_one_primary_adult_caregiver_in_the_household_for_this_child,Adult 2 - How Related to Child,circumstance
Child_Experienced___Treated_Unfairly_Because_of_Race_Yes,ace10,Yes,Child Experienced - Treated Unfairly Because of Race,circumstance
Child_Experienced___Parent_or_Guardian_Divorced_Yes,ace3,Yes,Child Experienced - Parent or Guardian Divorced,circumstance
Child_Experienced___Parent_or_Guardian_Died_Yes,ace4,Yes,Child Experienced - Parent or Guardian Died,circumstance
Child_Experienced___Parent_or_Guardian_Time_in_Jail_Yes,ace5,Yes,Child Experienced - Parent or Guardian Time in Jail,circumstance
Child_Experienced___Adults_Slap__Hit__Kick__Punch_Others_Yes,ace6,Yes,"Child Experienced - Adults Slap, Hit, Kick, Punch Others",circumstance
Child_Experienced___Victim_of_Violence_Yes,ace7,Yes,Child Experienced - Victim of Violence,circumstance
Child_Experienced___Lived_with_Mentally_Ill_Yes,ace8,Yes,Child Experienced - Lived with Mentally Ill,circumstance
Birth_Order_of_Selected_Children_in_Household_Oldest_child,agepos4,Oldest_child,Birth Order of Selected Children in Household,circumstance
Birth_Order_of_Selected_Children_in_Household_Only_child,agepos4,Only_child,Birth Order of Selected Children in Household,circumstance
Birth_Order_of_Selected_Children_in_Household_Second_oldest_child,agepos4,Second_oldest_child,Birth Order of Selected Children in Household,circumstance
Birth_Order_of_Selected_Children_in_Household_Third_oldest_child,agepos4,Third_oldest_child,Birth Order of Selected Children in Household,circumstance
Allergies_Yes,allergies,Yes,Allergies,circumstance
Alternative_Health_Care_Yes,althealth,Yes,Alternative Health Care,circumstance
Hours_Spent_Arranging_Health_Medical_Care_1_4_hours_per_week,arrangehc,1_4_hours_per_week,Hours Spent Arranging Health Medical Care,circumstance
Hours_Spent_Arranging_Health_Medical_Care_5_10_hours_per_week,arrangehc,5_10_hours_per_week,Hours Spent Arranging Health Medical Care,circumstance
Hours_Spent_Arranging_Health_Medical_Care_Less_than_1_hour_per_week,arrangehc,Less_than_1_hour_per_week,Hours Spent Arranging Health Medical Care,circumstance
Hours_Spent_Arranging_Health_Medical_Care_This_child_does_not_need_health_care_coordinated_on_a_weekly_basis,arrangehc,This_child_does_not_need_health_care_coordinated_on_a_weekly_basis,Hours Spent Arranging Health Medical Care,circumstance
Arthritis_Yes,arthritis,Yes,Arthritis,circumstance
Hours_Spent_Providing_Home_Health_Care_1_4_hours_per_week,athomehc,1_4_hours_per_week,Hours Spent Providing Home Health Care,circumstance
Hours_Spent_Providing_Home_Health_Care_5_10_hours_per_week,athomehc,5_10_hours_per_week,Hours Spent Providing Home Health Care,circumstance
Hours_Spent_Providing_Home_Health_Care_Less_than_1_hour_per_week,athomehc,Less_than_1_hour_per_week,Hours Spent Providing Home Health Care,circumstance
Hours_Spent_Providing_Home_Health_Care_This_child_does_not_need_health_care_provided_at_home_on_a_weekly_basis,athomehc,This_child_does_not_need_health_care_provided_at_home_on_a_weekly_basis,Hours Spent Providing Home Health Care,circumstance
How_Often___Go_to_Bed_at_Same_Time_Always,bedtime,Always,How Often - Go to Bed at Same Time,circumstance
How_Often___Go_to_Bed_at_Same_Time_Rarely,bedtime,Rarely,How Often - Go to Bed at Same Time,circumstance
How_Often___Go_to_Bed_at_Same_Time_Sometimes,bedtime,Sometimes,How Often - Go to Bed at Same Time,circumstance
How_Often___Go_to_Bed_at_Same_Time_Usually,bedtime,Usually,How Often - Go to Bed at Same Time,circumstance
Birth_Month,birth_mo,"",Birth Month,circumstance
Birth_Year,birth_yr,"",Birth Year,circumstance
BIRTH_YR_Data_Quality_Flag_Child_age__SC_AGE_YEARS__and_birth_year___BIRTH_YR__are_inconsistent,birth_yr_f,Child_age__SC_AGE_YEARS__and_birth_year___BIRTH_YR__are_inconsistent,BIRTH_YR Data Quality Flag,circumstance
BIRTH_YR_Data_Quality_Flag_No_data_quality_concerns,birth_yr_f,No_data_quality_concerns,BIRTH_YR Data Quality Flag,circumstance
BIRTH_YR_Data_Quality_Flag_Reported_birth_year__BIRTH_YR__is_missing,birth_yr_f,Reported_birth_year__BIRTH_YR__is_missing,BIRTH_YR Data Quality Flag,circumstance
Birth_Weight_Status_Low_birth_weight__less_than_2_500g_,birthwt,Low_birth_weight__less_than_2_500g,Birth Weight Status,circumstance
Birth_Weight_Status_Very_low_birth_weight__less_than_1_500g_,birthwt,Very_low_birth_weight__less_than_1_500g,Birth Weight Status,circumstance
Birth_Weight_is_Low___2500g__Yes,birthwt_l,Yes,Birth Weight is Low (<2500g),circumstance
Standardized_Birth_Weight__Ounces,birthwt_oz_s,"","Standardized Birth Weight, Ounces",circumstance
Birth_Weight_is_Very_Low___1500g__Yes,birthwt_vl,Yes,Birth Weight is Very Low (<1500g),circumstance
Blindness_Yes,blindness,Yes,Blindness,circumstance
Blood_Disorder_Yes,blood,Yes,Blood Disorder,circumstance
Born_in_the_United_States_Yes,bornusa,Yes,Born in the United States,circumstance
Past_12_Months__Cut_Hours_because_of_Health_Conditions_Yes,cuthours,Yes,Past 12 Months -Cut Hours because of Health Conditions,circumstance
Cystic_Fibrosis_Yes,cystfib,Yes,Cystic Fibrosis,circumstance
Down_Syndrome_Yes,downsyn,Yes,Down Syndrome,circumstance
Number_of_People_That_Are_Family_Members,famcount,"",Number of People That Are Family Members,circumstance
Family_Structure_Grandparent_household,family_r,Grandparent_household,Family Structure,circumstance
Family_Structure_Single_father,family_r,Single_father,Family Structure,circumstance
Family_Structure_Single_mother,family_r,Single_mother,Family Structure,circumstance
Family_Structure_Two_biogical_adoptive_parents__currently_married,family_r,Two_biogical_adoptive_parents__currently_married,Family Structure,circumstance
Family_Structure_Two_biogical_adoptive_parents__not_currently_married,family_r,Two_biogical_adoptive_parents__not_currently_married,Family Structure,circumstance
Family_Structure_Two_parents__at_least_one_not_biological_adoptive___currently_married,family_r,Two_parents__at_least_one_not_biological_adoptive___currently_married,Family Structure,circumstance
Family_Structure_Two_parents__at_least_one_not_biological_adoptive___not_currently_married,family_r,Two_parents__at_least_one_not_biological_adoptive___not_currently_married,Family Structure,circumstance
State_FIPS_Code_Alabama,fipsst,Alabama,State FIPS Code,circumstance
State_FIPS_Code_Alaska,fipsst,Alaska,State FIPS Code,circumstance
State_FIPS_Code_Arizona,fipsst,Arizona,State FIPS Code,circumstance
State_FIPS_Code_Arkansas,fipsst,Arkansas,State FIPS Code,circumstance
State_FIPS_Code_California,fipsst,California,State FIPS Code,circumstance
State_FIPS_Code_Colorado,fipsst,Colorado,State FIPS Code,circumstance
State_FIPS_Code_Connecticut,fipsst,Connecticut,State FIPS Code,circumstance
State_FIPS_Code_Delaware,fipsst,Delaware,State FIPS Code,circumstance
State_FIPS_Code_District_of_Columbia,fipsst,District_of_Columbia,State FIPS Code,circumstance
State_FIPS_Code_Florida,fipsst,Florida,State FIPS Code,circumstance
State_FIPS_Code_Georgia,fipsst,Georgia,State FIPS Code,circumstance
State_FIPS_Code_Hawaii,fipsst,Hawaii,State FIPS Code,circumstance
State_FIPS_Code_Idaho,fipsst,Idaho,State FIPS Code,circumstance
State_FIPS_Code_Illinois,fipsst,Illinois,State FIPS Code,circumstance
State_FIPS_Code_Indiana,fipsst,Indiana,State FIPS Code,circumstance
State_FIPS_Code_Iowa,fipsst,Iowa,State FIPS Code,circumstance
State_FIPS_Code_Kansas,fipsst,Kansas,State FIPS Code,circumstance
State_FIPS_Code_Kentucky,fipsst,Kentucky,State FIPS Code,circumstance
State_FIPS_Code_Louisiana,fipsst,Louisiana,State FIPS Code,circumstance
State_FIPS_Code_Maine,fipsst,Maine,State FIPS Code,circumstance
State_FIPS_Code_Maryland,fipsst,Maryland,State FIPS Code,circumstance
State_FIPS_Code_Massachusetts,fipsst,Massachusetts,State FIPS Code,circumstance
State_FIPS_Code_Michigan,fipsst,Michigan,State FIPS Code,circumstance
State_FIPS_Code_Minnesota,fipsst,Minnesota,State FIPS Code,circumstance
State_FIPS_Code_Mississippi,fipsst,Mississippi,State FIPS Code,circumstance
State_FIPS_Code_Missouri,fipsst,Missouri,State FIPS Code,circumstance
State_FIPS_Code_Montana,fipsst,Montana,State FIPS Code,circumstance
State_FIPS_Code_Nebraska,fipsst,Nebraska,State FIPS Code,circumstance
State_FIPS_Code_Nevada,fipsst,Nevada,State FIPS Code,circumstance
State_FIPS_Code_New_Hampshire,fipsst,New_Hampshire,State FIPS Code,circumstance
State_FIPS_Code_New_Jersey,fipsst,New_Jersey,State FIPS Code,circumstance
State_FIPS_Code_New_Mexico,fipsst,New_Mexico,State FIPS Code,circumstance
State_FIPS_Code_New_York,fipsst,New_York,State FIPS Code,circumstance
State_FIPS_Code_North_Carolina,fipsst,North_Carolina,State FIPS Code,circumstance
State_FIPS_Code_North_Dakota,fipsst,North_Dakota,State FIPS Code,circumstance
State_FIPS_Code_Ohio,fipsst,Ohio,State FIPS Code,circumstance
State_FIPS_Code_Oklahoma,fipsst,Oklahoma,State FIPS Code,circumstance
State_FIPS_Code_Oregon,fipsst,Oregon,State FIPS Code,circumstance
State_FIPS_Code_Pennsylvania,fipsst,Pennsylvania,State FIPS Code,circumstance
State_FIPS_Code_Rhode_Island,fipsst,Rhode_Island,State FIPS Code,circumstance
State_FIPS_Code_South_Carolina,fipsst,South_Carolina,State FIPS Code,circumstance
State_FIPS_Code_South_Dakota,fipsst,South_Dakota,State FIPS Code,circumstance
State_FIPS_Code_Tennessee,fipsst,Tennessee,State FIPS Code,circumstance
State_FIPS_Code_Texas,fipsst,Texas,State FIPS Code,circumstance
State_FIPS_Code_Utah,fipsst,Utah,State FIPS Code,circumstance
State_FIPS_Code_Vermont,fipsst,Vermont,State FIPS Code,circumstance
State_FIPS_Code_Virginia,fipsst,Virginia,State FIPS Code,circumstance
State_FIPS_Code_Washington,fipsst,Washington,State FIPS Code,circumstance
State_FIPS_Code_West_Virginia,fipsst,West_Virginia,State FIPS Code,circumstance
State_FIPS_Code_Wisconsin,fipsst,Wisconsin,State FIPS Code,circumstance
Food_Situation_In_Household___Past_12_Months_Sometimes_we_could_not_afford_enough_to_eat.,foodsit,Sometimes_we_could_not_afford_enough_to_eat.,Food Situation In Household - Past 12 Months,circumstance
Food_Situation_In_Household___Past_12_Months_We_could_always_afford_enough_to_eat_but_not_always_the_kinds_of_food_we_should_eat.,foodsit,We_could_always_afford_enough_to_eat_but_not_always_the_kinds_of_food_we_should_eat.,Food Situation In Household - Past 12 Months,circumstance
Food_Situation_In_Household___Past_12_Months_We_could_always_afford_to_eat_good_nutritious_meals.,foodsit,We_could_always_afford_to_eat_good_nutritious_meals.,Food Situation In Household - Past 12 Months,circumstance
Family_Poverty_Ratio__First_Implicate,fpl_i1,"","Family Poverty Ratio, First Implicate",circumstance
Family_Poverty_Ratio__Second_Implicate,fpl_i2,"","Family Poverty Ratio, Second Implicate",circumstance
Family_Poverty_Ratio__Third_Implicate,fpl_i3,"","Family Poverty Ratio, Third Implicate",circumstance
Family_Poverty_Ratio__Fourth_Implicate,fpl_i4,"","Family Poverty Ratio, Fourth Implicate",circumstance
Family_Poverty_Ratio__Fifth_Implicate,fpl_i5,"","Family Poverty Ratio, Fifth Implicate",circumstance
Family_Poverty_Ratio__Sixth_Implicate,fpl_i6,"","Family Poverty Ratio, Sixth Implicate",circumstance
Imputation_Flag_for_FPL_Imputed,fpl_if,Imputed,Imputation Flag for FPL,circumstance
Selected_Child_Weight,fwc,"",Selected Child Weight,circumstance
Genetic_Condition_Yes,genetic,Yes,Genetic Condition,circumstance
Know_Where_to_Go_For_Help_Definitely_agree,goforhelp,Definitely_agree,Know Where to Go For Help,circumstance
Know_Where_to_Go_For_Help_Somewhat_agree,goforhelp,Somewhat_agree,Know Where to Go For Help,circumstance
Know_Where_to_Go_For_Help_Somewhat_disagree,goforhelp,Somewhat_disagree,Know Where to Go For Help,circumstance
Health_Affected_Ability___How_Often_Never,hcability,Never,Health Affected Ability - How Often,circumstance
Health_Affected_Ability___How_Often_Sometimes,hcability,Sometimes,Health Affected Ability - How Often,circumstance
Health_Affected_Ability___How_Often_This_child_does_not_have_any_health_conditions,hcability,This_child_does_not_have_any_health_conditions,Health Affected Ability - How Often,circumstance
Health_Affected_Ability___How_Often_Usually,hcability,Usually,Health Affected Ability - How Often,circumstance
Headaches_Yes,headache,Yes,Headaches,circumstance
Heart_Condition_Yes,heart,Yes,Heart Condition,circumstance
Number_of_People_Living_at_Address,hhcount,"",Number of People Living at Address,circumstance
Imputation_Flag_for_HHCOUNT_Imputed,hhcount_if,Imputed,Imputation Flag for HHCOUNT,circumstance
Unique_Household_ID,hhid,"",Unique Household ID,circumstance
Primary_Household_Language_English,hhlanguage,English,Primary Household Language,circumstance
Primary_Household_Language_Spanish,hhlanguage,Spanish,Primary Household Language,circumstance
Highest_Level_of_Education_among_Reported_Adults_High_school__including_vocational__trade__or_business_school_,higrade,High_school__including_vocational__trade__or_business_school,Highest Level of Education among Reported Adults,circumstance
Highest_Level_of_Education_among_Reported_Adults_Less_than_high_school,higrade,Less_than_high_school,Highest Level of Education among Reported Adults,circumstance
Highest_Level_of_Education_among_Reported_Adults__Detail_High_school__including_vocational__trade__or_business_school_,higrade_tvis,High_school__including_vocational__trade__or_business_school,"Highest Level of Education among Reported Adults, Detail",circumstance
Highest_Level_of_Education_among_Reported_Adults__Detail_Less_than_high_school,higrade_tvis,Less_than_high_school,"Highest Level of Education among Reported Adults, Detail",circumstance
Highest_Level_of_Education_among_Reported_Adults__Detail_Some_college_or_Associate_Degree,higrade_tvis,Some_college_or_Associate_Degree,"Highest Level of Education among Reported Adults, Detail",circumstance
Hospital_Emergency_Room_Visits_1_time,hospitaler,1_time,Hospital Emergency Room Visits,circumstance
Hospital_Emergency_Room_Visits_None,hospitaler,None,Hospital Emergency Room Visits,circumstance
Admitted_to_Hospital_Yes,hospitalstay,Yes,Admitted to Hospital,circumstance
Parental_Nativity_1st_generation_household__Child_is_born_outside_the_United_States_and_all_reported_parents_are_born_outside_the_United_States._At_least_one_parent_must_be_reported_as_born_outside_the_United_States._,house_gen,1st_generation_household__Child_is_born_outside_the_United_States_and_all_reported_parents_are_born_outside_the_United_States._At_least_one_parent_must_be_reported_as_born_outside_the_United_States.,Parental Nativity,circumstance
Parental_Nativity_2nd_generation_household__Child_is_born_in_the_United_States_and_at_least_one_parent_is_born_outside_the_United_States_OR_child_is_born_outside_the_United_States__one_parent_is_born_in_the_United_States_and_one_parent_is_born_outside_the_United_States._,house_gen,2nd_generation_household__Child_is_born_in_the_United_States_and_at_least_one_parent_is_born_outside_the_United_States_OR_child_is_born_outside_the_United_States__one_parent_is_born_in_the_United_States_and_one_parent_is_born_outside_the_United_States.,Parental Nativity,circumstance
Parental_Nativity_3rd__generation__All_parents_in_the_household_are_born_in_the_United_States_,house_gen,3rd__generation__All_parents_in_the_household_are_born_in_the_United_States,Parental Nativity,circumstance
How_Much_Medical_Health_Care___Past_12_Months_USD0__No_medical_or_health_related_expenses_,howmuch,USD0__No_medical_or_health_related_expenses,How Much Medical Health Care - Past 12 Months,circumstance
How_Much_Medical_Health_Care___Past_12_Months_USD1_000_USD5_000,howmuch,USD1_000_USD5_000,How Much Medical Health Care - Past 12 Months,circumstance
How_Much_Medical_Health_Care___Past_12_Months_USD1_USD249,howmuch,USD1_USD249,How Much Medical Health Care - Past 12 Months,circumstance
How_Much_Medical_Health_Care___Past_12_Months_USD250_USD499,howmuch,USD250_USD499,How Much Medical Health Care - Past 12 Months,circumstance
How_Much_Medical_Health_Care___Past_12_Months_USD500_USD999,howmuch,USD500_USD999,How Much Medical Health Care - Past 12 Months,circumstance
Neighborhood___Sidewalks_or_Walking_Paths_Yes,k10q11,Yes,Neighborhood - Sidewalks or Walking Paths,circumstance
Neighborhood___Park_or_Playground_Yes,k10q12,Yes,Neighborhood - Park or Playground,circumstance
Neighborhood___Recreation_Center_Yes,k10q13,Yes,Neighborhood - Recreation Center,circumstance
Neighborhood___Library_or_Bookmobile_Yes,k10q14,Yes,Neighborhood - Library or Bookmobile,circumstance
Neighborhood___Litter_or_Garbage_Yes,k10q20,Yes,Neighborhood - Litter or Garbage,circumstance
Neighborhood___Poorly_Kept_or_Rundown_Housing_Yes,k10q22,Yes,Neighborhood - Poorly Kept or Rundown Housing,circumstance
Neighborhood___Vandalism_Yes,k10q23,Yes,Neighborhood - Vandalism,circumstance
People_In_Neighborhood_Help_Each_Other_Out_Definitely_agree,k10q30,Definitely_agree,People In Neighborhood Help Each Other Out,circumstance
People_In_Neighborhood_Help_Each_Other_Out_Somewhat_agree,k10q30,Somewhat_agree,People In Neighborhood Help Each Other Out,circumstance
People_In_Neighborhood_Help_Each_Other_Out_Somewhat_disagree,k10q30,Somewhat_disagree,People In Neighborhood Help Each Other Out,circumstance
Watch_Out_for_Others_Children_Definitely_agree,k10q31,Definitely_agree,Watch Out for Other's Children,circumstance
Watch_Out_for_Others_Children_Somewhat_agree,k10q31,Somewhat_agree,Watch Out for Other's Children,circumstance
Watch_Out_for_Others_Children_Somewhat_disagree,k10q31,Somewhat_disagree,Watch Out for Other's Children,circumstance
Child_is_Safe_In_Neighborhood_Definitely_agree,k10q40_r,Definitely_agree,Child is Safe In Neighborhood,circumstance
Child_is_Safe_In_Neighborhood_Somewhat_agree,k10q40_r,Somewhat_agree,Child is Safe In Neighborhood,circumstance
Child_is_Safe_In_Neighborhood_Somewhat_disagree,k10q40_r,Somewhat_disagree,Child is Safe In Neighborhood,circumstance
How_Many_Times_Moved_to_New_Address,k11q43r,"",How Many Times Moved to New Address,circumstance
Cash_Assistance_from_Government___Past_12_Months_Yes,k11q60,Yes,Cash Assistance from Government - Past 12 Months,circumstance
Food_Stamps___Past_12_Months_Yes,k11q61,Yes,Food Stamps - Past 12 Months,circumstance
General_Health_Excellent,k2q01,Excellent,General Health,circumstance
General_Health_Fair,k2q01,Fair,General Health,circumstance
General_Health_Good,k2q01,Good,General Health,circumstance
General_Health_Very_Good,k2q01,Very_Good,General Health,circumstance
Teeth_Description_Excellent,k2q01_d,Excellent,Teeth Description,circumstance
Teeth_Description_Fair,k2q01_d,Fair,Teeth Description,circumstance
Teeth_Description_Good,k2q01_d,Good,Teeth Description,circumstance
Teeth_Description_This_child_does_not_have_any_teeth__T1_only_,k2q01_d,This_child_does_not_have_any_teeth__T1_only,Teeth Description,circumstance
Teeth_Description_Very_Good,k2q01_d,Very_Good,Teeth Description,circumstance
Born_3_or_More_Weeks_Before_Due_Date_Yes,k2q05,Yes,Born 3 or More Weeks Before Due Date,circumstance
Learning_Disability_Yes,k2q30a,Yes,Learning Disability,circumstance
ADD_ADHD_Yes,k2q31a,Yes,ADD/ADHD,circumstance
Depression_Yes,k2q32a,Yes,Depression,circumstance
Anxiety_Yes,k2q33a,Yes,Anxiety,circumstance
Developmental_Delay_Yes,k2q36a,Yes,Developmental Delay,circumstance
Speech_Disorder_Yes,k2q37a,Yes,Speech Disorder,circumstance
Tourette_Syndrome_Yes,k2q38a,Yes,Tourette Syndrome,circumstance
Asthma_Yes,k2q40a,Yes,Asthma,circumstance
Diabetes_Yes,k2q41a,Yes,Diabetes,circumstance
Epilepsy_Yes,k2q42a,Yes,Epilepsy,circumstance
Deafness_Yes,k2q43b,Yes,Deafness,circumstance
Intellectual_Disability_Yes,k2q60a,Yes,Intellectual Disability,circumstance
Cerebral_Palsy_Yes,k2q61a,Yes,Cerebral Palsy,circumstance
Place_Usually_Goes_Sick_Yes,k4q01,Yes,Place Usually Goes Sick,circumstance
Personal_Doctor_or_Nurse___One_or_More_Yes__more_than_one_person,k4q04_r,Yes__more_than_one_person,Personal Doctor or Nurse - One or More,circumstance
Personal_Doctor_or_Nurse___One_or_More_Yes__one_person,k4q04_r,Yes__one_person,Personal Doctor or Nurse - One or More,circumstance
Mental_Health_Professional_Treatment_No__but_this_child_needed_to_see_a_mental_health_professional,k4q22_r,No__but_this_child_needed_to_see_a_mental_health_professional,Mental Health Professional Treatment,circumstance
Mental_Health_Professional_Treatment_Yes,k4q22_r,Yes,Mental Health Professional Treatment,circumstance
Emotions_Concentration_Behavior_Medication_Yes,k4q23,Yes,Emotions Concentration Behavior Medication,circumstance
Specialist_Visit_No__but_this_child_needed_to_see_a_specialist,k4q24_r,No__but_this_child_needed_to_see_a_specialist,Specialist Visit,circumstance
Specialist_Visit_Yes,k4q24_r,Yes,Specialist Visit,circumstance
Dental_Provider_Visit_Yes__saw_a_dentist,k4q30_r,Yes__saw_a_dentist,Dental Provider Visit,circumstance
Dental_Provider_Visit_Yes__saw_other_oral_health_care_provider,k4q30_r,Yes__saw_other_oral_health_care_provider,Dental Provider Visit,circumstance
Vision_Tested_Yes,k4q31_r,Yes,Vision Tested,circumstance
Received_Special_Services_Yes,k4q36,Yes,Received Special Services,circumstance
Special_Education_Plan_Yes,k6q15,Yes,Special Education Plan,circumstance
Show_Interest_and_Curiosity_Always,k6q71_r,Always,Show Interest and Curiosity,circumstance
Show_Interest_and_Curiosity_Sometimes,k6q71_r,Sometimes,Show Interest and Curiosity,circumstance
Show_Interest_and_Curiosity_Usually,k6q71_r,Usually,Show Interest and Curiosity,circumstance
How_Many_Days___Family_Eat_Meal_Together_0_days,k8q11,0_days,How Many Days - Family Eat Meal Together,circumstance
How_Many_Days___Family_Eat_Meal_Together_1_3_days,k8q11,1_3_days,How Many Days - Family Eat Meal Together,circumstance
How_Many_Days___Family_Eat_Meal_Together_4_6_days,k8q11,4_6_days,How Many Days - Family Eat Meal Together,circumstance
How_Well_Handling_Demands_of_Raising_Children_Not_very_well,k8q30,Not_very_well,How Well Handling Demands of Raising Children,circumstance
How_Well_Handling_Demands_of_Raising_Children_Somewhat_well,k8q30,Somewhat_well,How Well Handling Demands of Raising Children,circumstance
How_Well_Handling_Demands_of_Raising_Children_Very_well,k8q30,Very_well,How Well Handling Demands of Raising Children,circumstance
How_Often_Have_You_Felt___Child_Hard_to_Care_For_Never,k8q31,Never,How Often Have You Felt - Child Hard to Care For,circumstance
How_Often_Have_You_Felt___Child_Hard_to_Care_For_Rarely,k8q31,Rarely,How Often Have You Felt - Child Hard to Care For,circumstance
How_Often_Have_You_Felt___Child_Hard_to_Care_For_Sometimes,k8q31,Sometimes,How Often Have You Felt - Child Hard to Care For,circumstance
How_Often_Have_You_Felt___Child_Hard_to_Care_For_Usually,k8q31,Usually,How Often Have You Felt - Child Hard to Care For,circumstance
How_Often_Have_You_Felt___Child_Really_Bothers_You_Never,k8q32,Never,How Often Have You Felt - Child Really Bothers You,circumstance
How_Often_Have_You_Felt___Child_Really_Bothers_You_Rarely,k8q32,Rarely,How Often Have You Felt - Child Really Bothers You,circumstance
How_Often_Have_You_Felt___Child_Really_Bothers_You_Sometimes,k8q32,Sometimes,How Often Have You Felt - Child Really Bothers You,circumstance
How_Often_Have_You_Felt___Child_Really_Bothers_You_Usually,k8q32,Usually,How Often Have You Felt - Child Really Bothers You,circumstance
How_Often_Have_You_Felt___Angry_with_Child_Never,k8q34,Never,How Often Have You Felt - Angry with Child,circumstance
How_Often_Have_You_Felt___Angry_with_Child_Rarely,k8q34,Rarely,How Often Have You Felt - Angry with Child,circumstance
How_Often_Have_You_Felt___Angry_with_Child_Sometimes,k8q34,Sometimes,How Often Have You Felt - Angry with Child,circumstance
How_Often_Have_You_Felt___Angry_with_Child_Usually,k8q34,Usually,How Often Have You Felt - Angry with Child,circumstance
Someone_to_Turn_To_for_Emotional_Support_Yes,k8q35,Yes,Someone to Turn To for Emotional Support,circumstance
Anyone_in_Household_Use_Cigarettes_Yes,k9q40,Yes,Anyone in Household Use Cigarettes,circumstance
Age_of_Mother___Years,momage,"",Age of Mother - Years,circumstance
Doctor_Identified_as_Overweight_Yes,overweight,Yes,Doctor Identified as Overweight,circumstance
Doctor_Visit_Yes,s4q01,Yes,Doctor Visit,circumstance
WIC_Benefits___Past_12_Months_Yes,s9q34,Yes,WIC Benefits - Past 12 Months,circumstance
Age_of_Selected_Child___Less_than_10_Months_LT_10_Months_Old,sc_age_lt10,LT_10_Months_Old,Age of Selected Child - Less than 10 Months,circumstance
Age_of_Selected_Child___Less_than_4_Months_LT_4_Months_Old,sc_age_lt4,LT_4_Months_Old,Age of Selected Child - Less than 4 Months,circumstance
Age_of_Selected_Child___Less_than_6_Months_LT_6_Months_Old,sc_age_lt6,LT_6_Months_Old,Age of Selected Child - Less than 6 Months,circumstance
Age_of_Selected_Child___Less_than_9_Months_LT_9_Months_Old,sc_age_lt9,LT_9_Months_Old,Age of Selected Child - Less than 9 Months,circumstance
Age_of_Selected_Child___In_Years,sc_age_years,"",Age of Selected Child - In Years,circumstance
Special_Health_Care_Needs_Status_of_Selected_Child_SHCN,sc_cshcn,SHCN,Special Health Care Needs Status of Selected Child,circumstance
Hispanic_Origin_of_Selected_Child__Recode_Hispanic_or_Latino_Origin,sc_hispanic_r,Hispanic_or_Latino_Origin,"Hispanic Origin of Selected Child, Recode",circumstance
Imputation_Flag_for_SC_HISPANIC_R_Imputed,sc_hispanic_r_if,Imputed,Imputation Flag for SC_HISPANIC_R,circumstance
SC_Needs_or_Uses_Medication_Currently_Yes,sc_k2q10,Yes,SC Needs or Uses Medication Currently,circumstance
SC_Needs_or_Uses_More_Medical_Care_than_Others_Yes,sc_k2q13,Yes,SC Needs or Uses More Medical Care than Others,circumstance
SC_Limited_Ability_Yes,sc_k2q16,Yes,SC Limited Ability,circumstance
SC_Special_Therapy_Yes,sc_k2q19,Yes,SC Special Therapy,circumstance
SC_Needs_Treatment_for_Emotion_Develop_Behave_Yes,sc_k2q22,Yes,SC Needs Treatment for Emotion Develop Behave,circumstance
Race_of_Selected_Child__Detailed_American_Indian_or_Alaska_Native_alone,sc_race_r,American_Indian_or_Alaska_Native_alone,"Race of Selected Child, Detailed",circumstance
Race_of_Selected_Child__Detailed_Asian_alone,sc_race_r,Asian_alone,"Race of Selected Child, Detailed",circumstance
Race_of_Selected_Child__Detailed_Black_or_African_American_alone,sc_race_r,Black_or_African_American_alone,"Race of Selected Child, Detailed",circumstance
Race_of_Selected_Child__Detailed_Native_Hawaiian_and_Other_Pacific_Islander_alone,sc_race_r,Native_Hawaiian_and_Other_Pacific_Islander_alone,"Race of Selected Child, Detailed",circumstance
Race_of_Selected_Child__Detailed_White_alone,sc_race_r,White_alone,"Race of Selected Child, Detailed",circumstance
Imputation_Flag_for_SC_RACE_R_Imputed,sc_race_r_if,Imputed,Imputation Flag for SC_RACE_R,circumstance
Race_of_Selected_Child__Recode_Black_or_African_American_alone,sc_racer,Black_or_African_American_alone,"Race of Selected Child, Recode",circumstance
Race_of_Selected_Child__Recode_White_alone,sc_racer,White_alone,"Race of Selected Child, Recode",circumstance
Sex_of_Selected_Child_Male,sc_sex,Male,Sex of Selected Child,circumstance
Imputation_Flag_for_SC_SEX_Imputed,sc_sex_if,Imputed,Imputation Flag for SC_SEX,circumstance
How_Much_Time_Spent_with_TV__Cellphone__Computer_1_hour,screentime,1_hour,"How Much Time Spent with TV, Cellphone, Computer",circumstance
How_Much_Time_Spent_with_TV__Cellphone__Computer_2_hours,screentime,2_hours,"How Much Time Spent with TV, Cellphone, Computer",circumstance
How_Much_Time_Spent_with_TV__Cellphone__Computer_3_hours,screentime,3_hours,"How Much Time Spent with TV, Cellphone, Computer",circumstance
How_Much_Time_Spent_with_TV__Cellphone__Computer_Less_than_1_hour,screentime,Less_than_1_hour,"How Much Time Spent with TV, Cellphone, Computer",circumstance
Past_12_Months___Stopped_Working_because_of_Health_Status_Yes,stopwork,Yes,Past 12 Months - Stopped Working because of Health Status,circumstance
The_Conditions_under_Which_Land_or_Buildings_Are_Held_or_Occupied_Owned_by_you_or_someone_in_this_household_free_and_clear__without_a_mortgage_or_loan__,tenure,Owned_by_you_or_someone_in_this_household_free_and_clear__without_a_mortgage_or_loan,The Conditions under Which Land or Buildings Are Held or Occupied,circumstance
The_Conditions_under_Which_Land_or_Buildings_Are_Held_or_Occupied_Owned_by_you_or_someone_in_this_household_with_a_mortgage_or_loan__Include_home_equity_loans,tenure,Owned_by_you_or_someone_in_this_household_with_a_mortgage_or_loan__Include_home_equity_loans,The Conditions under Which Land or Buildings Are Held or Occupied,circumstance
The_Conditions_under_Which_Land_or_Buildings_Are_Held_or_Occupied_Rented_,tenure,Rented,The Conditions under Which Land or Buildings Are Held or Occupied,circumstance
Imputation_Flag_for_TENURE_Imputed,tenure_if,Imputed,Imputation Flag for TENURE,circumstance
Count_of_Children_Ages_0_to_5_in_Household,totage_0_5,"",Count of Children Ages 0 to 5 in Household,circumstance
Count_of_Children_Ages_12_to_17_in_Household,totage_12_17,"",Count of Children Ages 12 to 17 in Household,circumstance
Count_of_Children_Ages_6_to_11_in_Household,totage_6_11,"",Count of Children Ages 6 to 11 in Household,circumstance
Count_of_Children_with_Special_Health_Care_Needs_in_Household,totcshcn,"",Count of Children with Special Health Care Needs in Household,circumstance
Count_of_Female_Children_in_Household,totfemale,"",Count of Female Children in Household,circumstance
Number_of_Children_in_Household_1,totkids_r,1,Number of Children in Household,circumstance
Number_of_Children_in_Household_2,totkids_r,2,Number of Children in Household,circumstance
Number_of_Children_in_Household_3,totkids_r,3,Number of Children in Household,circumstance
Count_of_Male_Children_in_Household,totmale,"",Count of Male Children in Household,circumstance
Count_of_Children_without_Special_Health_Care_Needs_in_Household,totnonshcn,"",Count of Children without Special Health Care Needs in Household,circumstance
Place_Usually_Goes_for_Preventive_Care_Yes,usualgo,Yes,Place Usually Goes for Preventive Care,circumstance
Place_Usually_Goes_for_Sick_Same_As_Preventive_Yes,usualsick,Yes,Place Usually Goes for Sick Same As Preventive,circumstance
Concerned_About_Weight_Yes__its_too_high,wgtconc,Yes__its_too_high,Concerned About Weight,circumstance
Concerned_About_Weight_Yes__its_too_low,wgtconc,Yes__its_too_low,Concerned About Weight,circumstance
Hard_to_Cover_Basics_Like_Food_or_Housing_Never,ace1,Never,Hard to Cover Basics Like Food or Housing,review
Hard_to_Cover_Basics_Like_Food_or_Housing_Rarely,ace1,Rarely,Hard to Cover Basics Like Food or Housing,review
Hard_to_Cover_Basics_Like_Food_or_Housing_Somewhat_often,ace1,Somewhat_often,Hard to Cover Basics Like Food or Housing,review
Child_Experienced___Lived_with_Person_with_Alcohol_Drug_Problem_Yes,ace9,Yes,Child Experienced - Lived with Person with Alcohol/Drug Problem,review
Past_12_Months___Avoided_Changing_Jobs_to_Maintain_Health_Insurance_Yes,avoidchg,Yes,Past 12 Months - Avoided Changing Jobs to Maintain Health Insurance,review
Difficulty_Breathing_Past_12_Months_Yes,breathing,Yes,Difficulty Breathing Past 12 Months,review
Difficulty_Cavities_Past_12_Months_Yes,cavities,Yes,Difficulty Cavities Past 12 Months,review
Health_Insurance_Coverage___Currently_Covered__Use_CURRINS__Yes,currcov,Yes,Health Insurance Coverage - Currently Covered (Use CURRINS),review
Health_Insurance_Coverage___Currently_Covered_Currently_insured__does_not_include_Indian_Health_Service_or_a_religious_health_share_,currins,Currently_insured__does_not_include_Indian_Health_Service_or_a_religious_health_share,Health Insurance Coverage - Currently Covered,review
Difficulty_Bleeding_Gums_Past_12_Months_Yes,gumbleed,Yes,Difficulty Bleeding Gums Past 12 Months,review
Health_Insurance___Other_Yes,hccovoth,Yes,Health Insurance - Other,review
Facing_Problems___How_Often_Stay_Hopeful_All_of_the_time,hopeful,All_of_the_time,Facing Problems - How Often Stay Hopeful,review
Facing_Problems___How_Often_Stay_Hopeful_Most_of_the_time,hopeful,Most_of_the_time,Facing Problems - How Often Stay Hopeful,review
Facing_Problems___How_Often_Stay_Hopeful_Some_of_the_time,hopeful,Some_of_the_time,Facing Problems - How Often Stay Hopeful,review
Health_Insurance_Coverage___Past_12_Months_Insured_all_12_months,insgap,Insured_all_12_months,Health Insurance Coverage - Past 12 Months,review
Health_Insurance_Coverage___Past_12_Months_Insured_during_the_past_12_months_but_with_gaps_in_coverage,insgap,Insured_during_the_past_12_months_but_with_gaps_in_coverage,Health Insurance Coverage - Past 12 Months,review
Insurance_Type__Revised__Private_and_public,instype,Private_and_public,Insurance Type (Revised),review
Insurance_Type__Revised__Private_only__privately_purchased__including_through_ACA_marketplace__through_employer__or_TRICARE_,instype,Private_only__privately_purchased__including_through_ACA_marketplace__through_employer__or_TRICARE,Insurance Type (Revised),review
Insurance_Type__Revised__Public_only__government_assistance_,instype,Public_only__government_assistance,Insurance Type (Revised),review
Health_Insurance___Indian_Health_Service_Yes,k11q03r,Yes,Health Insurance - Indian Health Service,review
Free_or_Reduced_Cost_Meals___Past_12_Months_Yes,k11q62,Yes,Free or Reduced Cost Meals - Past 12 Months,review
Health_Insurance___Current_Former_Employer_or_Union_Yes,k12q03,Yes,Health Insurance - Current/Former Employer or Union,review
Health_Insurance___Insurance_Company_Yes,k12q04,Yes,Health Insurance - Insurance Company,review
Health_Insurance___Government_Assistance_Plan_Yes,k12q12,Yes,Health Insurance - Government Assistance Plan,review
Behavior_Problems_Yes,k2q34a,Yes,Behavior Problems,review
Health_Insurance_Coverage___Past_12_Months__Use_INSGAP__Yes__but_this_child_had_a_gap_in_coverage,k3q04_r,Yes__but_this_child_had_a_gap_in_coverage,Health Insurance Coverage - Past 12 Months (Use INSGAP),review
Health_Insurance_Coverage___Past_12_Months__Use_INSGAP__Yes__this_child_was_covered_all_12_months,k3q04_r,Yes__this_child_was_covered_all_12_months,Health Insurance Coverage - Past 12 Months (Use INSGAP),review
Difficulty_Physical_Pain_Past_12_Months_Yes,physicalpain,Yes,Difficulty Physical Pain Past 12 Months,review
Difficulty_Stomach_Past_12_Months_Yes,stomach,Yes,Difficulty Stomach Past 12 Months,review
Facing_Problems___How_Often_Draw_on_Strengths_All_of_the_time,strengths,All_of_the_time,Facing Problems - How Often Draw on Strengths,review
Facing_Problems___How_Often_Draw_on_Strengths_Most_of_the_time,strengths,Most_of_the_time,Facing Problems - How Often Draw on Strengths,review
Facing_Problems___How_Often_Draw_on_Strengths_Some_of_the_time,strengths,Some_of_the_time,Facing Problems - How Often Draw on Strengths,review
Difficulty_Swallowing_Past_12_Months_Yes,swallowing,Yes,Difficulty Swallowing Past 12 Months,review
Facing_Problems___How_Often_Talk_Together_All_of_the_time,talkabout,All_of_the_time,Facing Problems - How Often Talk Together,review
Facing_Problems___How_Often_Talk_Together_Most_of_the_time,talkabout,Most_of_the_time,Facing Problems - How Often Talk Together,review
Facing_Problems___How_Often_Talk_Together_Some_of_the_time,talkabout,Some_of_the_time,Facing Problems - How Often Talk Together,review
Difficulty_Toothaches_Past_12_Months_Yes,toothaches,Yes,Difficulty Toothaches Past 12 Months,review
Health_Insurance___TRICARE_Yes,tricare,Yes,Health Insurance - TRICARE,review
Facing_Problems___How_Often_Work_Together_All_of_the_time,wktosolve,All_of_the_time,Facing Problems - How Often Work Together,review
Facing_Problems___How_Often_Work_Together_Most_of_the_time,wktosolve,Most_of_the_time,Facing Problems - How Often Work Together,review
Facing_Problems___How_Often_Work_Together_Some_of_the_time,wktosolve,Some_of_the_time,Facing Problems - How Often Work Together,review
