test_subset,train_source,fold,downsampled,n_train,n_test,C_min,C_1se,idx_min,idx_1se,auc_min,acc_min,auc_1se,acc_1se,r_auc,r_acc,d_auc_min,d_auc_1se
2019,same,1,false,16383,1819,0.003625117049988535,0.0014208308325339223,23,17,0.9713985940614835,0.9708631115997801,0.9711782604133878,0.9741616272677295,0.963543704313811,0.978583196046129,0.007854889747672567,0.007634556099576861
2019,other,1,false,25027,1819,0.003625117049988535,0.0016608827826277166,23,18,0.97415801070192,0.9730621220450797,0.9737907879550939,0.977460142935679,0.968557603212191,0.977484898407468,0.005600407489729009,0.005233184742902908
2019,all,1,false,41410,1819,0.003625117049988535,0.0022695105366946685,23,20,0.9741160423879971,0.9758108851017042,0.9742314552512853,0.9758108851017042,0.968567898692473,0.979132344865459,0.005548143695524144,0.005663556558812344
2019,same,2,false,16381,1821,0.003625117049988535,0.0012154742500762859,23,16,0.9701431071759499,0.971444261394838,0.9676618964274684,0.9719934102141681,0.976938124163495,0.975288303130148,-0.006795016987545144,-0.009276227736026654
2019,other,2,false,25027,1821,0.003625117049988535,0.00103979841848149,23,15,0.9714094512509008,0.9681493684788578,0.968763512817873,0.971444261394838,0.976073303819618,0.973640856672158,-0.004663852568717153,-0.007309791001745003
2019,all,2,false,41408,1821,0.003625117049988535,0.0016608827826277166,23,18,0.9727581591681251,0.971444261394838,0.9717389066199937,0.971444261394838,0.978832492535784,0.975288303130148,-0.006074333367658835,-0.007093585915790235
2019,same,3,false,16382,1820,0.004237587160604063,0.0014208308325339223,24,17,0.9757350782265846,0.9758241758241758,0.9763118157795394,0.9758241758241758,0.976500566251419,0.973091707852828,-0.0007654880248344487,-0.00018875047187960625
2019,other,3,false,25027,1820,0.003625117049988535,0.0016608827826277166,23,18,0.978125917537016,0.9807692307692307,0.9777274443186108,0.9791208791208791,0.977761762586221,0.974190005491488,0.0003641549507950037,-0.000034318267610244924
2019,all,3,false,41409,1820,0.003625117049988535,0.0016608827826277166,23,18,0.9800553668050836,0.9802197802197802,0.979279392642926,0.9802197802197802,0.978070626994752,0.974739154310818,0.0019847398103316483,0.0012087656481739595
2019,same,4,false,16382,1820,0.003625117049988535,0.0012154742500762859,23,16,0.9593976762719685,0.9714285714285714,0.9605826097898578,0.971978021978022,0.959549057963551,0.975837451949478,-0.00015138169158257497,0.0010335518263067112
2019,other,4,false,25027,1820,0.003625117049988535,0.0014208308325339223,23,17,0.9456293779623338,0.9642857142857143,0.9512918921186192,0.9692307692307692,0.957186245238344,0.975837451949478,-0.01155686727601013,-0.005894353119724749
2019,all,4,false,41409,1820,0.003625117049988535,0.0019414919457438817,23,19,0.9541755798833941,0.9697802197802198,0.9556646113837506,0.971978021978022,0.961505199217547,0.975288303130148,-0.0073296193341528815,-0.0058405878337963735
2019,same,5,false,16382,1820,0.003625117049988535,0.0014208308325339223,23,17,0.9741516714902898,0.9758241758241758,0.9733127805041735,0.9769230769230769,0.962575929167096,0.971993410214168,0.011575742323193805,0.010736851337077469
2019,other,5,false,25027,1820,0.004237587160604063,0.0022695105366946685,24,20,0.9744977140220629,0.978021978021978,0.9740258378423723,0.978021978021978,0.965602800370638,0.974739154310818,0.008894913651424918,0.00842303747173434
2019,all,5,false,41409,1820,0.004237587160604063,0.0016608827826277166,24,18,0.9760811207583574,0.9752747252747253,0.9752002852229352,0.9774725274725274,0.965520436528366,0.970895112575508,0.010560684229991346,0.00967984869456917
2019,same,6,false,16381,1821,0.004237587160604063,0.0014208308325339223,24,17,0.9777411716256563,0.9758374519494784,0.9785236281272521,0.9785831960461285,0.973890661999384,0.973091707852828,0.0038505096262723137,0.004632966127868121
2019,other,6,false,25028,1821,0.003625117049988535,0.0014208308325339223,23,17,0.9774631936579842,0.9752883031301482,0.9778647173890661,0.9758374519494784,0.977051374446625,0.975837451949478,0.00041181921135913235,0.0008133429424410643
2019,all,6,false,41409,1821,0.004237587160604063,0.0016608827826277166,24,18,0.9776588077833832,0.9758374519494784,0.9786471738906619,0.9763866007688083,0.976938124163501,0.973091707852828,0.0007206836198822009,0.001709049727160905
2019,same,7,false,16381,1821,0.004237587160604063,0.0019414919457438817,24,19,0.9630392257798825,0.9741900054914882,0.9650262534747247,0.9741900054914882,0.970637918371631,0.97306212204508,-0.0075986925917485015,-0.005611664896906343
2019,other,7,false,25028,1821,0.004237587160604063,0.0016608827826277166,24,18,0.9717594975805621,0.9774848984074684,0.9717594975805621,0.9769357495881383,0.975616409610746,0.975810885101704,-0.003856912030183901,-0.003856912030183901
2019,all,7,false,41409,1821,0.004237587160604063,0.0016608827826277166,24,18,0.9707505405127149,0.9769357495881383,0.9710697004015237,0.9758374519494784,0.975396075962648,0.975810885101704,-0.004645535449933069,-0.004326375561124252
2019,same,8,false,16382,1820,0.003625117049988535,0.0012154742500762859,23,16,0.9758228174092196,0.9730769230769231,0.975338655678599,0.9725274725274725,0.969331654600776,0.97306212204508,0.00649116280844364,0.006007001077823038
2019,other,8,false,25027,1820,0.003625117049988535,0.0014208308325339223,23,17,0.9768838526912181,0.9725274725274725,0.9771310842132371,0.9725274725274725,0.967778826985628,0.97306212204508,0.00910502570559013,0.009352257227609129
2019,all,8,false,41409,1820,0.003625117049988535,0.0016608827826277166,23,18,0.9779654906000514,0.9730769230769231,0.9782745300025754,0.9725274725274725,0.969478543699507,0.97306212204508,0.008486946900544412,0.008795986303068326
2019,same,9,false,16382,1820,0.0031011689265747783,0.0014208308325339223,22,17,0.9551686840072109,0.9736263736263736,0.9573422611382952,0.9747252747252747,0.967605707690695,0.975810885101704,-0.012437023683484094,-0.010263446552399746
2019,other,9,false,25027,1820,0.003625117049988535,0.0014208308325339223,23,17,0.9593922225083699,0.9686813186813187,0.9604120525366985,0.9708791208791209,0.970737593117195,0.975261132490379,-0.011345370608825123,-0.010325540580496506
2019,all,9,false,41409,1820,0.004237587160604063,0.0019414919457438817,24,19,0.9606283801184651,0.9741758241758242,0.961699716713881,0.9747252747252747,0.973024866226002,0.976910390324354,-0.012396486107536964,-0.011325149512121047
2019,same,10,false,16382,1820,0.004237587160604063,0.0014208308325339223,24,17,0.9655524079320115,0.9769230769230769,0.9641926345609064,0.9758241758241758,0.967285699297033,0.976360637713029,-0.0017332913650215387,-0.003093064736126583
2019,other,10,false,25027,1820,0.003625117049988535,0.0012154742500762859,23,16,0.9651609580221479,0.9725274725274725,0.9646355910378573,0.9758241758241758,0.969111320952685,0.976910390324354,-0.003950362930537188,-0.0044757299148276974
2019,all,10,false,41409,1820,0.003625117049988535,0.0016608827826277166,23,18,0.9679423126448622,0.9752747252747253,0.9675920679886685,0.9769230769230769,0.971650403945017,0.975261132490379,-0.0037080913001548144,-0.004058335956348524
2020,same,1,false,25027,2781,0.003625117049988535,0.0016608827826277166,23,18,0.9665735730493978,0.978784609852571,0.9665255716529937,0.9791441927364257,0.965353495272925,0.974838245866283,0.0012200777764728166,0.001172076380068665
2020,other,1,false,16383,2781,0.003625117049988535,0.0014208308325339223,23,17,0.9656833653342642,0.9762675296655879,0.9651466224471985,0.9755483638978785,0.966065143882408,0.974838245866283,-0.0003817785481438074,-0.0009185214352095405
2020,all,1,false,41410,2781,0.003625117049988535,0.0022695105366946685,23,20,0.9682318031069995,0.978784609852571,0.968545994065282,0.9802229413879899,0.967652335932646,0.975557153127247,0.0005794671743535318,0.0008936581326359772
2020,same,2,false,25027,2781,0.003625117049988535,0.00103979841848149,23,15,0.9671139491737498,0.9751887810140237,0.9677740863787376,0.9759079467817332,0.957548431634812,0.975188781014024,0.009565517538937862,0.010225654743925672
2020,other,2,false,16381,2781,0.003625117049988535,0.0012154742500762859,23,16,0.962419640160504,0.9741100323624595,0.9641282305734133,0.9741100323624595,0.953020235578376,0.97339086659475,0.009399404582127957,0.01110799499503734
2020,all,2,false,41408,2781,0.003625117049988535,0.0016608827826277166,23,18,0.966553048280623,0.9737504494786048,0.9672520170859041,0.9751887810140237,0.960555723346419,0.974469615246314,0.005997324934204018,0.006696293739485104
2020,same,3,false,25027,2781,0.003625117049988535,0.0016608827826277166,23,18,0.9706950856452518,0.97339086659475,0.9703714889761401,0.9726717008270407,0.969323035768208,0.974110032362459,0.0013720498770437572,0.0010484532079321207
2020,other,3,false,16382,2781,0.004237587160604063,0.0014208308325339223,24,17,0.9690857315442034,0.9737504494786048,0.9693489235017474,0.9730312837108953,0.968712516719173,0.971233369291622,0.00037321482503038794,0.0006364067825743724
2020,all,3,false,41409,2781,0.003625117049988535,0.0016608827826277166,23,18,0.9724985977477673,0.9744696152463143,0.9721361694783621,0.974829198130169,0.970073780040575,0.975188781014024,0.0024248177071922727,0.0020623894377871377
2020,same,4,false,25027,2781,0.003625117049988535,0.0014208308325339223,23,17,0.9668637010829702,0.9777058612010069,0.9684342235837252,0.9777058612010069,0.959054234801746,0.975548363897878,0.007809466281224142,0.00937998878197921
2020,other,4,false,16382,2781,0.003625117049988535,0.0012154742500762859,23,16,0.9695215083919404,0.9741100323624595,0.9699141390171291,0.9741100323624595,0.95867454804332,0.971592952175476,0.010846960348620427,0.01123959097380911
2020,all,4,false,41409,2781,0.003625117049988535,0.0019414919457438817,23,19,0.9694740475471373,0.9780654440848615,0.9700953531518315,0.9784250269687162,0.960969927082879,0.973750449478605,0.008504120464258302,0.009125426068952502
2020,same,5,false,25027,2781,0.004237587160604063,0.0022695105366946685,24,20,0.9574923415454977,0.9726717008270407,0.959757518229279,0.9737504494786048,0.974591189541364,0.97950377562028,-0.017098847995866362,-0.014833671312085017
2020,other,5,false,16382,2781,0.003625117049988535,0.0014208308325339223,23,17,0.9617595029555162,0.9726717008270407,0.9610346464167061,0.97339086659475,0.975492945592612,0.977705861201007,-0.01373344263709586,-0.014458299175905909
2020,all,5,false,41409,2781,0.004237587160604063,0.0016608827826277166,24,18,0.9634637787461708,0.9744696152463143,0.9635802735470509,0.9744696152463143,0.976204858264665,0.98022294138799,-0.012741079518494125,-0.012624584717614074
2020,same,6,false,25028,2780,0.003625117049988535,0.0014208308325339223,23,17,0.9454894685146786,0.9723021582733813,0.9460700643893921,0.9737410071942446,0.957945376882255,0.974829198130169,-0.012455908367576374,-0.011875312492862888
2020,other,6,false,16381,2780,0.004237587160604063,0.0014208308325339223,24,17,0.9420932009167303,0.9730215827338129,0.9455680453999782,0.9748201438848921,0.956314449669929,0.973031283710895,-0.014221248753198634,-0.010746404269950771
2020,all,6,false,41409,2780,0.004237587160604063,0.0016608827826277166,24,18,0.9459434682964096,0.9723021582733813,0.9468078140347047,0.9733812949640288,0.958195624973031,0.974829198130169,-0.012252156676621384,-0.011387810938326304
2020,same,7,false,25028,2780,0.004237587160604063,0.0016608827826277166,24,18,0.964269344101277,0.9758992805755395,0.9640816326530612,0.9751798561151079,0.967558355265991,0.975548363897878,-0.0032890111647140285,-0.00347672261292975
2020,other,7,false,16381,2780,0.004237587160604063,0.0019414919457438817,24,19,0.9601222307104661,0.9719424460431655,0.9621652297282549,0.9730215827338129,0.967223972041248,0.976267529665588,-0.007101741330781897,-0.005058742312993081
2020,all,7,false,41409,2780,0.004237587160604063,0.0016608827826277166,24,18,0.9643217286914766,0.9744604316546762,0.9645181709047255,0.9762589928057553,0.97094964835828,0.975188781014024,-0.006627919666803428,-0.006431477453554546
2020,same,8,false,25027,2781,0.003625117049988535,0.0014208308325339223,23,17,0.9730077231738361,0.9719525350593312,0.9716917633861155,0.9741100323624595,0.979067990832699,0.97841726618705,-0.006060267658862917,-0.007376227446583505
2020,other,8,false,16382,2781,0.003625117049988535,0.0012154742500762859,23,16,0.9717305949864089,0.972312117943186,0.9707425464900549,0.9737504494786048,0.977051184110007,0.97841726618705,-0.005320589123598118,-0.006308637619952151
2020,all,8,false,41409,2781,0.003625117049988535,0.0016608827826277166,23,18,0.974897527721448,0.9726717008270407,0.9741554126936187,0.9741100323624595,0.979679144385024,0.978776978417266,-0.004781616663576016,-0.005523731691405298
2020,same,9,false,25027,2781,0.003625117049988535,0.0014208308325339223,23,17,0.9698278465720326,0.9784250269687162,0.9740734348707771,0.9777058612010069,0.970153879733717,0.973741007194245,-0.00032603316168444696,0.0039195551370601045
2020,other,9,false,16382,2781,0.0031011689265747783,0.0014208308325339223,22,17,0.9738188721577425,0.9773462783171522,0.9729516330845234,0.9769866954332974,0.964828113063403,0.972302158273381,0.008990759094339551,0.008123520021120378
2020,all,9,false,41409,2781,0.004237587160604063,0.0019414919457438817,24,19,0.9737455235794106,0.9802229413879899,0.975018337144583,0.9802229413879899,0.970695187165781,0.973741007194245,0.0030503364136296174,0.00432314997880201
2020,same,10,false,25027,2781,0.003625117049988535,0.0012154742500762859,23,16,0.9745911895413557,0.9802229413879899,0.9757129913276092,0.978784609852571,0.957738731856379,0.974460431654676,0.016852457684976674,0.017974259471230214
2020,other,10,false,16382,2781,0.004237587160604063,0.0014208308325339223,24,17,0.975428226258791,0.9759079467817332,0.9761919143978945,0.9766271125494427,0.954150387427704,0.973741007194245,0.021277838831087026,0.022041526970190572
2020,all,10,false,41409,2781,0.003625117049988535,0.0016608827826277166,23,18,0.9765068818224965,0.9805825242718447,0.9770203218708202,0.9795037756202805,0.957262905162061,0.975539568345324,0.019243976660435425,0.01975741670875919
